student_id,course_id,final_grade,Gender,q1,q2,q3,q4,q5,q6,q7,q8,q9,q10,time_spent,TimeSpent_hours,TimeSpent_std,int,pc,uv,enrollment_status,enrollment_reason
43146,FrScA-S216-02,93.4537246,M,5,4,4,5,5,5,5,5,4,5,1555.1667,25.919445,-0.180514964,5,4.5,4.333333333,Approved/Enrolled,Course Unavailable at Local School
44638,OcnA-S116-01,81.70184255,F,4,4,3,4,4,4,4,5,4,4,1382.7001,23.04500167,-0.307803128,4.2,3.5,4,Approved/Enrolled,Course Unavailable at Local School
47448,FrScA-S216-01,88.48758465,M,5,4,4,5,5,4,4,5,3,5,860.4335,14.34055833,-0.693259538,5,4,3.666666667,Approved/Enrolled,Other
47979,OcnA-S216-01,81.85259631,M,5,5,3,5,5,5,4,5,5,5,1598.6166,26.64361,-0.14844697,5,3.5,5,Approved/Enrolled,Course Unavailable at Local School
48797,PhysA-S116-01,84,F,4,3,3,4,4,4,4,4,NA,3,1481.8,24.69666667,-0.234662912,3.8,3.5,3.5,Approved/Enrolled,Learning Preference of the Student
51943,FrScA-S216-03,NA,F,NA,NA,NA,NA,NA,NA,NA,NA,NA,NA,3.4501,0.057501667,-1.325752109,4.6,4,4,Withdrawn,Learning Preference of the Student
52326,AnPhA-S216-01,83.5882656,M,5,5,3,5,5,5,4,5,5,5,1321.8164,22.03027333,-0.352738057,5,3.5,5,Approved/Enrolled,Other
52446,PhysA-S116-01,97.77777778,F,3,3,3,3,3,4,3,3,3,3,1390.2167,23.17027833,-0.302255537,3,3,3.333333333,Approved/Enrolled,Learning Preference of the Student
53447,FrScA-S116-01,96.11872146,F,4,3,3,4,4,3,3,4,2,5,1479.4166,24.65694333,-0.236421969,4.2,3,2.666666667,Approved/Enrolled,Course Unavailable at Local School
53475,FrScA-S116-02,NA,M,NA,NA,NA,NA,NA,NA,NA,NA,NA,NA,NA,NA,NA,NA,NA,NA,Approved/Enrolled,Course Unavailable at Local School
53475,FrScA-S216-01,81.03837472,M,NA,NA,NA,NA,NA,NA,NA,NA,NA,NA,1867.4169,31.123615,0.049939829,NA,NA,NA,Approved/Enrolled,Course Unavailable at Local School
54066,OcnA-S116-01,93.90452261,M,4,5,3,5,5,5,5,4,5,4,2625.5164,43.75860667,0.609451603,4.4,4,5,Approved/Enrolled,Other
54282,OcnA-S116-02,93.40033501,F,3,3,3,3,4,3,3,3,2,4,2025.1672,33.75278667,0.166366696,3.4,3,2.666666667,Approved/Enrolled,Course Unavailable at Local School
54342,OcnA-S116-02,64.78224456,F,5,3,5,5,5,5,5,5,2,5,1581.0831,26.351385,-0.161387487,4.7,4.5,3.833333333,Approved/Enrolled,Learning Preference of the Student
54346,OcnA-S116-01,51.0921273,F,NA,NA,NA,NA,NA,NA,NA,NA,NA,NA,1191.3836,19.85639333,-0.449003372,NA,NA,NA,Approved/Enrolled,Course Unavailable at Local School
54434,PhysA-S116-01,93.0625,F,4,2,2,4,4,4,4,4,2,4,1231.8666,20.53111,-0.419125084,4,3,3,Approved/Enrolled,Learning Preference of the Student
54567,OcnA-S216-02,65.84254606,F,4,4,3,5,4,4,5,4,4,4,1180.2664,19.67110667,-0.457208369,4.2,4,4,Approved/Enrolled,Course Unavailable at Local School
55078,FrScA-S216-01,97.74266366,F,NA,NA,NA,NA,NA,NA,NA,NA,NA,NA,2130.7497,35.512495,0.244291364,4.2,3.5,4.333333333,Approved/Enrolled,Learning Preference of the Student
55140,PhysA-S116-01,73.78472222,F,4,3,3,4,4,3,3,4,2,3,2083.3167,34.721945,0.209283662,3.8,3,2.666666667,Approved/Enrolled,Course Unavailable at Local School
55283,FrScA-S116-01,NA,F,4,2,3,4,3,3,3,4,3,4,3.9167,0.065278333,-1.325407737,3.8,3.5,2.833333333,Withdrawn,Other
56152,AnPhA-S116-02,94.1248,F,3,2,4,4,5,3,4,5,3,3,4438.8165,73.980275,1.947749221,4,4,2.666666667,Approved/Enrolled,Scheduling Conflict
57188,AnPhA-S116-02,80.7344,F,3,4,3,5,4,4,4,3,3,3,5305.4334,88.42389,2.587351752,4.3,4,4.166666667,Approved/Enrolled,Learning Preference of the Student
57188,FrScA-S216-01,76.9751693,F,NA,NA,NA,NA,NA,NA,NA,NA,NA,NA,2193.0833,36.55138833,0.290296385,4.3,4,4.166666667,Approved/Enrolled,Learning Preference of the Student
57224,FrScA-S116-03,87.09360731,F,4,2,3,5,5,4,3,5,3,4,2356.4668,39.27444667,0.410880809,4.6,3.75,3.333333333,Approved/Enrolled,Course Unavailable at Local School
57489,PhysA-S116-01,94.79166667,F,3,2,2,4,4,4,3,4,4,3,1863.5169,31.058615,0.047061452,3.6,2.5,3.333333333,Approved/Enrolled,Course Unavailable at Local School
57981,OcnA-S116-01,66.69011725,F,4,4,3,4,4,4,3,5,3,4,3343.3333,55.72222167,1.139232993,4.2,3,3.666666667,Approved/Enrolled,Learning Preference of the Student
58168,AnPhA-S216-01,96.5216,F,5,5,5,NA,5,5,5,5,4,5,433.3669,7.222781667,-1.008454035,5,5,4.666666667,Approved/Enrolled,Other
58178,OcnA-S116-01,92.68174204,F,4,4,2,4,4,4,4,4,4,4,3502.0004,58.36667333,1.2563365,4,3,4,Approved/Enrolled,Course Unavailable at Local School
60186,AnPhA-S116-01,86.272,F,5,4,5,5,5,5,5,5,5,5,2087.0501,34.78416833,0.21203908,5,5,4.666666667,Approved/Enrolled,Course Unavailable at Local School
61357,FrScA-S116-02,NA,F,NA,NA,NA,NA,NA,NA,NA,NA,NA,NA,NA,NA,NA,NA,NA,NA,Dropped,Course Unavailable at Local School
61941,FrScA-S116-01,94.29223744,M,4,3,3,4,4,4,4,4,3,4,1637.9504,27.29917333,-0.119416843,4,3.5,3.333333333,Approved/Enrolled,Course Unavailable at Local School
61965,BioA-S116-01,77.65698925,M,NA,NA,NA,NA,NA,NA,NA,NA,NA,NA,615.2168,10.25361333,-0.874240571,NA,NA,NA,Approved/Enrolled,Learning Preference of the Student
62157,FrScA-S116-02,70.62100457,F,5,3,3,5,4,3,4,5,3,5,2497.1666,41.61944333,0.514723636,4.5,3.5,3.333333333,Approved/Enrolled,Course Unavailable at Local School
62175,OcnA-S216-01,73.77386935,M,5,3,4,4,4,3,4,4,4,3,1403.6834,23.39472333,-0.292316502,4,4,3.333333333,Approved/Enrolled,Learning Preference of the Student
62576,PhysA-S116-01,94.44444444,M,3,4,2,4,3,3,4,3,1,4,793.95,13.2325,-0.742327373,3.4,3,2.666666667,Approved/Enrolled,Course Unavailable at Local School
62752,PhysA-S116-01,93.77777778,F,4,3,3,5,3,3,2,4,1,5,898.2998,14.97166333,-0.665312493,4.2,2.5,2.333333333,Approved/Enrolled,Course Unavailable at Local School
62754,PhysA-S116-01,96.34027778,F,4,3,2,4,3,3,2,3,1,2,674.3167,11.23861167,-0.830622168,3.7,2.5,3,Approved/Enrolled,Course Unavailable at Local School
64930,FrScA-T116-01,83.23287671,F,4,3,3,4,4,4,3,4,4,4,3424.5662,57.07610333,1.199186553,4,3,3.666666667,Approved/Enrolled,Course Unavailable at Local School
65116,FrScA-S216-01,93.22799097,M,5,4,4,5,5,4,5,5,5,5,1918.6166,31.97694333,0.087727527,4.8,4.25,3.833333333,Approved/Enrolled,Course Unavailable at Local School
65627,AnPhA-S116-02,81.4872,F,NA,NA,NA,NA,NA,NA,NA,NA,NA,NA,2164.9001,36.08166833,0.269495907,NA,NA,NA,Approved/Enrolled,Learning Preference of the Student
66508,AnPhA-T116-01,NA,F,4,4,3,4,4,5,3,4,4,4,0.45,0.0075,-1.327966319,4,3,4.333333333,Dropped,Scheduling Conflict
66508,PhysA-T116-01,93.88888889,M,NA,NA,NA,NA,NA,NA,NA,NA,NA,NA,2823.7501,47.06250167,0.755757053,4,3,4.333333333,Dropped,Scheduling Conflict
66689,FrScA-S216-01,98.64559819,M,4,4,3,4,4,4,4,4,3,4,1137.8334,18.96389,-0.488525845,4.5,3.75,3.5,Approved/Enrolled,Course Unavailable at Local School
66693,AnPhA-S116-01,93.7536,F,4,3,2,4,4,4,4,4,3,4,2309.0334,38.48389,0.375872811,3.8,3.25,3.166666667,Approved/Enrolled,Course Unavailable at Local School
66740,OcnA-S116-01,99.32998325,M,5,2,4,5,5,4,5,5,5,5,965.2994,16.08832333,-0.615863753,5,4.5,3.666666667,Approved/Enrolled,Course Unavailable at Local School
66811,AnPhA-S116-01,91.2016,F,4,3,2,4,3,5,3,4,4,4,5298.8507,88.31417833,2.582493421,3.8,2.5,4,Approved/Enrolled,Course Unavailable at Local School
66862,AnPhA-S116-01,59.8197328,F,4,3,2,4,4,4,4,4,4,4,1746.9667,29.11611167,-0.038957875,4,3,3.666666667,NA,NA
67013,AnPhA-S216-01,46.072,F,4,3,4,4,3,3,5,4,3,3,2297.2332,38.28722,0.367163729,3.3,4.25,2.333333333,Approved/Enrolled,Course Unavailable at Local School
67102,PhysA-S216-01,89.86111111,F,NA,NA,NA,NA,NA,NA,NA,NA,NA,NA,719.2833,11.988055,-0.79743478,NA,NA,NA,Approved/Enrolled,Scheduling Conflict
67463,FrScA-S216-01,91.4221219,M,4,3,3,4,4,4,3,4,4,5,1359.033,22.65055,-0.32527052,4.2,3,3.666666667,Approved/Enrolled,Course Unavailable at Local School
67508,AnPhA-S116-01,83.8149328,F,4,3,3,4,4,4,4,4,3,3,2668.183,44.46971667,0.640941486,3.8,3.5,3.333333333,NA,NA
67762,FrScA-S116-02,83.41324201,M,4,3,2,4,4,4,4,4,4,4,801.2336,13.35389333,-0.736951746,4,3,3.666666667,Approved/Enrolled,Course Unavailable at Local School
67920,OcnA-S116-01,90.70351759,F,5,4,4,5,5,4,5,5,4,5,4094.9995,68.24999167,1.6939967,5,4.5,4,Approved/Enrolled,Course Unavailable at Local School
68022,OcnA-S216-01,90.95979899,F,4,3,1,5,3,3,5,5,2,5,39.7504,0.662506667,-1.298960844,4.4,3,2.666666667,Approved/Enrolled,Course Unavailable at Local School
68188,FrScA-S116-01,92.46575342,F,5,5,4,5,5,5,5,5,5,5,583.2498,9.72083,-0.897833665,5,4.5,5,Approved/Enrolled,Course Unavailable at Local School
68476,OcnA-S116-02,94.57956449,F,4,4,2,2,3,4,4,4,4,4,969.4666,16.15777667,-0.612788171,3.7,3.5,4,Approved/Enrolled,Course Unavailable at Local School
68598,BioA-S116-01,87.24408602,M,4,3,2,2,4,2,4,4,2,2,3331.6169,55.52694833,1.130585759,3.2,3,2.333333333,Approved/Enrolled,Learning Preference of the Student
68768,FrScA-S116-02,64.76027397,F,4,5,4,5,4,5,5,5,4,5,1966.0169,32.76694833,0.122711095,4.6,4.5,4.666666667,Approved/Enrolled,Course Unavailable at Local School
68795,FrScA-S216-01,83.06997743,M,4,4,4,5,4,4,5,5,4,4,3022.5333,50.375555,0.90246806,4.1,3.75,3.333333333,Approved/Enrolled,Course Unavailable at Local School
69072,FrScA-S116-01,93.60730594,F,5,3,3,5,4,4,4,4,4,4,956.1665,15.93610833,-0.622604247,4.4,3.5,3.666666667,Approved/Enrolled,Course Unavailable at Local School
69182,FrScA-S216-01,91.19638826,F,5,4,4,5,5,4,5,5,5,5,444.4832,7.408053333,-1.000249702,5,4.5,4.333333333,Approved/Enrolled,Course Unavailable at Local School
69397,FrScA-S216-01,94.69525959,F,4,4,3,4,4,5,3,5,3,5,1087.6003,18.12667167,-0.525600149,4.1,3.25,3.333333333,Approved/Enrolled,Course Unavailable at Local School
69544,FrScA-S216-04,93.17155756,F,5,4,3,5,5,4,4,5,5,5,2673.3831,44.556385,0.644779396,5,3.5,4.333333333,NA,NA
69743,AnPhA-S216-01,85.4714656,M,5,4,5,5,4,4,5,4,4,5,7084.7003,118.0783383,3.900531327,4.3,4,4,Approved/Enrolled,Course Unavailable at Local School
69937,BioA-S116-01,NA,F,NA,NA,NA,NA,NA,NA,NA,NA,NA,NA,1.2168,0.02028,-1.327400386,NA,NA,NA,Withdrawn,Learning Preference of the Student
70037,FrScA-S116-01,93.37899543,F,3,3,3,1,3,4,3,2,2,3,2591.1496,43.18582667,0.584087347,2.4,3,3,Approved/Enrolled,Course Unavailable at Local School
70068,FrScA-S116-03,95.37671233,F,5,5,5,5,5,5,5,5,5,5,2101.933,35.03221667,0.223023334,5,5,5,Approved/Enrolled,Course Unavailable at Local School
70187,PhysA-S216-01,78.125,F,4,3,2,4,3,3,3,4,2,3,719.1165,11.985275,-0.797557886,3.6,2.5,2.666666667,Approved/Enrolled,Scheduling Conflict
70192,AnPhA-S116-02,95.96,F,4,3,3,4,4,3,3,5,2,5,1537.1834,25.61972333,-0.193787454,4.4,3,2.666666667,Approved/Enrolled,Scheduling Conflict
70408,BioA-S116-01,91.50537634,F,NA,NA,NA,NA,NA,NA,NA,NA,NA,NA,6664.4499,111.074165,3.590367494,3.8,3.5,3.333333333,Approved/Enrolled,Learning Preference of the Student
70532,AnPhA-S116-01,93.64,F,4,4,3,4,4,4,3,4,4,5,2938.4666,48.97444333,0.840423027,4.2,3.5,3.833333333,Approved/Enrolled,Learning Preference of the Student
70681,BioA-S116-01,90.23655914,F,NA,NA,NA,NA,NA,NA,NA,NA,NA,NA,2602.2333,43.370555,0.59226762,3.8,3.666666667,4.833333333,Approved/Enrolled,Learning Preference of the Student
71110,FrScA-S216-01,88.71331828,F,5,3,3,5,5,3,4,5,4,5,2006.4003,33.440005,0.152515874,5,3.5,3.333333333,Approved/Enrolled,Course Unavailable at Local School
71415,FrScA-S216-01,14.4469526,F,5,2,4,5,5,4,5,5,5,5,408.4,6.806666667,-1.026880739,5,4.75,4.166666667,Approved/Enrolled,Course Unavailable at Local School
71434,BioA-S116-01,83.96021505,F,NA,NA,NA,NA,NA,NA,NA,NA,NA,NA,1006.3337,16.77222833,-0.585578581,4.6,3.5,3,Approved/Enrolled,Scheduling Conflict
71725,AnPhA-S216-01,77.2789328,F,5,5,4,5,5,5,4,5,4,4,3514.5498,58.57583,1.265598526,4.8,4,4.666666667,Approved/Enrolled,Course Unavailable at Local School
72287,FrScA-T116-01,90.86757991,F,3,2,2,3,4,3,2,3,3,3,3946.5666,65.77611,1.584446495,3.2,2,2.666666667,Approved/Enrolled,Learning Preference of the Student
73132,FrScA-S116-03,87.52968037,M,NA,NA,NA,NA,NA,NA,NA,NA,NA,NA,1746.5501,29.10916833,-0.039265345,NA,NA,NA,Approved/Enrolled,Other
74551,PhysA-S116-01,71.67083333,M,5,2,3,5,5,4,4,5,3,5,1014.5665,16.90944167,-0.579502402,5,4.25,4,Approved/Enrolled,Learning Preference of the Student
74552,AnPhA-S216-02,96.16,F,NA,NA,NA,NA,NA,NA,NA,NA,NA,NA,6123.8832,102.06472,3.191404781,NA,NA,NA,Approved/Enrolled,Other
76132,AnPhA-T116-01,95.3392,M,4,4,2,4,4,4,3,4,4,4,5037.3331,83.95555167,2.389481585,4,3,3.833333333,Approved/Enrolled,Other
76133,PhysA-S116-01,93.61805556,M,5,4,3,4,4,4,4,4,3,4,1276.5167,21.27527833,-0.386171287,4.2,3.5,3.666666667,Approved/Enrolled,Other
76426,PhysA-S116-01,95.41666667,F,1,2,2,3,4,4,5,3,2,1,850.7329,14.17888167,-0.70041902,2.4,3.5,2.666666667,Approved/Enrolled,Learning Preference of the Student
76443,OcnA-S216-01,NA,F,4,3,4,5,5,4,3,NA,4,4,100.3334,1.672223333,-1.254247845,4.5,3.5,3.666666667,Withdrawn,Course Unavailable at Local School
76673,AnPhA-S216-01,92.2,F,NA,NA,NA,NA,NA,NA,NA,NA,NA,NA,4945.2164,82.42027333,2.321495287,4.2,3.5,4,Approved/Enrolled,Course Unavailable at Local School
76674,AnPhA-S216-01,95.8608,M,NA,NA,NA,NA,NA,NA,NA,NA,NA,NA,2368.4997,39.474995,0.419761635,NA,NA,NA,Approved/Enrolled,Course Unavailable at Local School
76840,AnPhA-S216-01,74.4392,M,4,2,3,4,4,2,5,4,2,2,3968.1668,66.13611333,1.600388421,3.933333333,3.5,3.222222222,Approved/Enrolled,Course Unavailable at Local School
76840,FrScA-S116-01,92.46575342,F,NA,NA,NA,NA,NA,NA,NA,NA,NA,NA,2634.6832,43.91138667,0.616217116,3.933333333,3.5,3.222222222,Approved/Enrolled,Course Unavailable at Local School
76891,OcnA-S116-01,88.91624791,F,3,4,3,5,4,5,5,4,2,3,2334.5502,38.90917,0.394705366,3.8,4,3.666666667,NA,NA
76930,AnPhA-S116-02,81.272,F,4,4,3,2,3,4,4,4,4,4,2804.9832,46.74972,0.741906231,3.4,3.5,4,Approved/Enrolled,Learning Preference of the Student
76998,AnPhA-S216-01,40.2389328,F,4,4,4,5,4,4,4,4,4,4,1270.0997,21.16832833,-0.390907324,4.2,4,4,Approved/Enrolled,Course Unavailable at Local School
77010,AnPhA-S116-01,73.1706672,M,NA,NA,NA,NA,NA,NA,NA,NA,NA,NA,1533.0996,25.55166,-0.196801484,NA,NA,NA,Approved/Enrolled,Learning Preference of the Student
77067,FrScA-S216-02,NA,F,5,5,3,5,4,1,4,5,4,4,40.4334,0.67389,-1.298456759,4.6,3.5,3.333333333,Dropped,Course Unavailable at Local School
77067,FrScA-S216-02,NA,F,5,5,3,5,4,1,4,5,4,4,40.4334,0.67389,-1.298456759,4.6,3.5,3.333333333,Approved/Enrolled,Course Unavailable at Local School
77141,FrScA-S216-02,82.27990971,F,5,4,3,5,5,4,4,5,4,5,3020.7167,50.34527833,0.901127327,5,3.5,4,Approved/Enrolled,Course Unavailable at Local School
77169,BioA-S116-01,93.8172043,M,5,5,3,4,4,5,4,5,4,5,735.0999,12.251665,-0.785761412,4.6,3.5,4.666666667,Approved/Enrolled,Scheduling Conflict
77190,FrScA-S216-01,92.43792325,F,NA,NA,NA,NA,NA,NA,NA,NA,NA,NA,763.1498,12.71916333,-0.765059316,NA,NA,NA,Approved/Enrolled,Other
77246,FrScA-S116-01,88.35616438,F,4,4,2,2,4,4,2,4,4,3,782.5002,13.04167,-0.750777844,3.4,2,4,Approved/Enrolled,Course Unavailable at Local School
77298,FrScA-S116-02,75.46118721,F,4,3,2,5,5,4,3,5,3,5,1907.6502,31.79417,0.079633827,4.8,2.5,3.333333333,Approved/Enrolled,Course Unavailable at Local School
77976,FrScA-S116-03,90.59589041,F,5,3,4,5,4,3,5,5,4,5,2448.4838,40.80806333,0.478793524,4.4,3.5,3,Approved/Enrolled,Course Unavailable at Local School
77980,FrScA-S216-02,93.00225734,M,4,3,2,2,4,3,4,4,3,2,3031.3165,50.52194167,0.90895046,3.2,3,3,Approved/Enrolled,Course Unavailable at Local School
78000,FrScA-S216-01,91.4221219,F,5,NA,5,5,5,4,5,5,2,4,1366.5835,22.77639167,-0.319697909,4.8,5,3,NA,NA
78002,OcnA-S216-02,63.98324958,F,3,4,4,3,4,5,3,NA,4,2,1290.4502,21.50750333,-0.375887733,3,3.5,4.333333333,Approved/Enrolled,Other
78153,PhysA-S216-01,99.02777778,F,4,4,3,5,4,5,4,5,4,4,1769.8667,29.49777833,-0.022056638,4.4,3.5,4.333333333,Approved/Enrolled,Learning Preference of the Student
78164,AnPhA-S216-01,76.104,M,5,5,4,5,5,4,3,5,3,5,2591.6168,43.19361333,0.584432162,5,3.5,4,Approved/Enrolled,Learning Preference of the Student
78241,OcnA-S216-02,57.24958124,F,5,4,3,5,5,5,5,5,5,5,26.9168,0.448613333,-1.308432622,5,4,4.666666667,Approved/Enrolled,Course Unavailable at Local School
78691,FrScA-S116-03,92.92237443,F,NA,NA,NA,NA,NA,NA,NA,NA,NA,NA,1559.9667,25.999445,-0.176972347,NA,NA,NA,Approved/Enrolled,Learning Preference of the Student
79128,PhysA-S116-01,96.40972222,F,4,3,2,5,4,5,4,4,5,3,1910.2338,31.83723,0.081540641,4,3,4.333333333,NA,NA
79220,AnPhA-S116-02,91.8208,F,4,2,2,4,4,3,4,4,2,4,3781.6498,63.02749667,1.462730426,4,3,2.333333333,Approved/Enrolled,Course Unavailable at Local School
79352,PhysA-S116-01,95.48611111,M,5,5,3,5,5,5,5,5,5,5,1062.8665,17.71444167,-0.543854813,5,4,5,Approved/Enrolled,Other
79596,PhysA-S116-01,90.97222222,F,4,3,2,5,4,4,4,4,3,3,1546.4166,25.77361,-0.186972934,4,3,3.333333333,Approved/Enrolled,Other
79859,AnPhA-T116-01,72.992,F,3,4,3,4,4,5,3,5,4,4,2040.7333,34.01222167,0.177855183,4,3,4.333333333,Approved/Enrolled,Course Unavailable at Local School
79893,OcnA-T116-01,94.46566164,M,4,4,4,4,4,4,4,4,4,4,1856.6669,30.94444833,0.042005842,4,4,4,Approved/Enrolled,Learning Preference of the Student
80822,OcnA-S216-01,90.94639866,F,5,5,4,5,5,5,4,5,5,5,4538.4835,75.64139167,2.021307982,5,4,5,Approved/Enrolled,Learning Preference of the Student
84632,PhysA-T116-01,97.63888889,F,4,4,4,4,4,NA,NA,NA,NA,NA,1289.1006,21.48501,-0.376883799,4,4,4,Approved/Enrolled,Scheduling Conflict
84640,AnPhA-T116-01,86.1648,F,4,4,3,4,4,4,4,4,2,4,2362.1,39.36833333,0.415038366,4,3.5,3.333333333,Approved/Enrolled,Course Unavailable at Local School
84641,AnPhA-T116-01,83.5525328,M,NA,NA,NA,NA,NA,NA,NA,NA,NA,NA,4614.4,76.90666667,2.077337798,NA,NA,NA,Approved/Enrolled,Course Unavailable at Local School
84645,OcnA-T116-01,22.680067,F,5,5,5,5,5,5,5,5,5,5,48.0332,0.800553333,-1.292847762,5,5,5,Approved/Enrolled,Scheduling Conflict
84684,OcnA-T116-01,90.80569514,M,4,2,3,3,4,NA,NA,NA,NA,NA,3095.2494,51.58749,0.956135836,4.125,3.666666667,3,Approved/Enrolled,Course Unavailable at Local School
84685,OcnA-T116-01,82.0318258,M,4,4,3,3,4,4,4,4,4,4,3073.6162,51.22693667,0.940169554,3.8,3.5,4,Approved/Enrolled,Course Unavailable at Local School
84749,AnPhA-T116-01,82.552,M,5,4,4,2,4,4,2,5,4,4,4199.4169,69.99028167,1.771061471,4,3,4,Approved/Enrolled,Course Unavailable at Local School
84757,AnPhA-T116-01,85.3376,M,NA,NA,NA,NA,NA,NA,NA,NA,NA,NA,128.6165,2.143608333,-1.233373636,NA,NA,NA,NA,NA
84794,BioA-T116-01,73.81827957,M,5,5,5,5,5,5,4,5,5,5,919.5,15.325,-0.649665785,5,4.5,5,Approved/Enrolled,Course Unavailable at Local School
84932,OcnA-S216-01,88.30318258,F,4,4,4,5,4,5,4,4,3,4,2573.4502,42.89083667,0.571024388,4.2,4,4,Approved/Enrolled,Course Unavailable at Local School
85123,FrScA-S216-01,81.71557562,F,5,4,3,4,4,NA,NA,NA,NA,NA,1341.7002,22.36167,-0.338062911,4.333333333,3,4,Approved/Enrolled,Course Unavailable at Local School
85248,AnPhA-S216-01,94.8261328,M,NA,NA,NA,NA,NA,NA,NA,NA,NA,NA,2269.8829,37.83138167,0.346977969,NA,NA,NA,Approved/Enrolled,Course Unavailable at Local School
85249,AnPhA-S116-01,86.8912,F,4,2,3,5,5,3,4,5,3,3,1209.8496,20.16416,-0.435374627,4.4,3.5,2.666666667,Approved/Enrolled,Course Unavailable at Local School
85258,FrScA-S116-02,NA,F,NA,NA,NA,NA,NA,NA,NA,NA,NA,NA,NA,NA,NA,5,3.5,4,Approved/Enrolled,Course Unavailable at Local School
85258,FrScA-S216-01,89.05191874,F,5,5,4,5,5,4,3,5,3,5,2285.7836,38.09639333,0.358713406,5,3.5,4,Approved/Enrolled,Course Unavailable at Local School
85287,FrScA-S216-01,93.67945824,F,5,4,4,4,5,5,NA,5,4,4,156.5829,2.609715,-1.212733166,4.1,3.666666667,4.333333333,Approved/Enrolled,Course Unavailable at Local School
85292,BioA-S116-01,93.34946237,F,4,4,3,4,4,4,4,4,4,4,264.2002,4.403336667,-1.133306723,4,3.5,4,Approved/Enrolled,Scheduling Conflict
85323,FrScA-S116-01,15.06849315,F,3,3,2,2,2,4,3,3,2,3,1449.7001,24.16166833,-0.258354093,3.4,2.75,3.333333333,Approved/Enrolled,Course Unavailable at Local School
85348,FrScA-S216-03,76.29464286,M,3,3,3,3,3,3,2,3,3,3,608.2501,10.13750167,-0.879382311,3,2.5,3,Approved/Enrolled,Course Unavailable at Local School
85355,OcnA-S116-01,17.22278057,F,5,5,3,5,5,5,5,5,5,5,594.6165,9.910275,-0.889444526,5,4,5,NA,NA
85390,PhysA-S116-01,3.055555556,F,5,NA,4,5,5,4,5,5,5,4,0.7,0.011666667,-1.327781808,4.8,4.5,4.5,Approved/Enrolled,Learning Preference of the Student
85410,OcnA-S116-02,93.9279732,F,NA,NA,NA,NA,NA,NA,NA,NA,NA,NA,6771.9673,112.8661217,3.669720206,NA,NA,NA,Approved/Enrolled,Course Unavailable at Local School
85411,AnPhA-S116-01,90.9157328,F,NA,NA,NA,NA,NA,NA,NA,NA,NA,NA,473.0333,7.883888333,-0.979178435,NA,NA,NA,Approved/Enrolled,Scheduling Conflict
85416,FrScA-S116-01,94.74885845,F,4,4,2,4,4,4,3,4,4,4,846.5665,14.10944167,-0.703494012,4,2.5,4,Approved/Enrolled,Course Unavailable at Local School
85431,FrScA-S116-01,92.92237443,F,5,3,4,4,5,5,4,5,4,5,1448.9339,24.14889833,-0.258919583,4.8,4,4,Approved/Enrolled,Course Unavailable at Local School
85432,FrScA-S116-01,49.08675799,F,5,5,4,5,5,5,4,5,4,5,874.0172,14.56695333,-0.683234152,5,4,4.666666667,Approved/Enrolled,Course Unavailable at Local School
85433,FrScA-S116-01,72.14611872,F,3,4,2,3,3,4,3,3,4,4,2575.4667,42.924445,0.572512657,4.1,3.5,4.333333333,Approved/Enrolled,Course Unavailable at Local School
85443,FrScA-S116-01,86.30136986,F,5,4,4,5,4,5,3,5,2,5,1564.633,26.07721667,-0.173528406,4.8,3.5,3.666666667,Approved/Enrolled,Learning Preference of the Student
85482,OcnA-S116-02,79.49916248,M,5,5,5,NA,5,5,5,5,5,5,1822.5494,30.37582333,0.016825581,5,5,5,NA,NA
85487,OcnA-S116-02,NA,M,4,3,4,4,4,4,4,4,5,4,0.5833,0.009721667,-1.327867938,4,4,4,Dropped,Course Unavailable at Local School
85522,PhysA-S116-01,98.05555556,F,3,2,2,4,3,3,3,4,3,4,968.3333,16.13888833,-0.613624598,3.6,2.5,2.666666667,Approved/Enrolled,Other
85539,FrScA-S116-01,90.1826484,M,NA,NA,NA,NA,NA,NA,NA,NA,NA,NA,2948.6174,49.14362333,0.847914777,3.8,3.5,3,Approved/Enrolled,Course Unavailable at Local School
85567,FrScA-S116-02,65.17808219,M,4,4,3,4,4,4,3,4,3,3,2544.3666,42.40611,0.549559374,3.8,3,3.666666667,Approved/Enrolled,Course Unavailable at Local School
85573,FrScA-S116-03,71.25114155,M,5,5,5,5,5,5,5,5,5,5,1978.0169,32.96694833,0.131567639,4.7,4.75,4.666666667,Approved/Enrolled,Course Unavailable at Local School
85574,FrScA-S116-03,96.60502283,F,NA,NA,NA,NA,NA,NA,NA,NA,NA,NA,1871.1168,31.18528,0.052670523,NA,NA,NA,Approved/Enrolled,Course Unavailable at Local School
85579,FrScA-S116-01,96.34703196,F,5,1,3,5,5,5,3,5,3,5,2822.5166,47.04194333,0.754846674,5,3,3,NA,NA
85583,AnPhA-S116-01,91.6549328,F,4,3,3,4,4,4,4,4,3,4,5532.4164,92.20694,2.754875488,4.4,4.25,3,Approved/Enrolled,Scheduling Conflict
85583,FrScA-S216-01,83.06997743,M,5,2,5,5,5,3,5,5,3,4,3382.9006,56.38167667,1.168435452,4.4,4.25,3,Approved/Enrolled,Scheduling Conflict
85642,FrScA-S216-01,83.74717833,M,5,3,4,5,4,4,3,4,4,5,1627.3499,27.12249833,-0.127240493,4.6,3.5,3.666666667,Approved/Enrolled,Course Unavailable at Local School
85644,FrScA-S216-01,84.98871332,F,NA,NA,NA,NA,NA,NA,NA,NA,NA,NA,890.4333,14.840555,-0.671118326,NA,NA,NA,Approved/Enrolled,Course Unavailable at Local School
85644,OcnA-S116-01,79.09715243,F,NA,NA,NA,NA,NA,NA,NA,NA,NA,NA,1632.4,27.20666667,-0.12351329,NA,NA,NA,Approved/Enrolled,Course Unavailable at Local School
85649,FrScA-S116-01,86.98630137,F,NA,NA,NA,NA,NA,NA,NA,NA,NA,NA,1464.4668,24.40778,-0.247455599,NA,NA,NA,Approved/Enrolled,Course Unavailable at Local School
85650,FrScA-S116-01,100,F,4,3,2,4,4,4,4,4,4,4,2689.1334,44.81889,0.65640383,4,3,3.666666667,Approved/Enrolled,Course Unavailable at Local School
85650,FrScA-S116-01,100,F,4,3,2,4,4,4,4,4,4,4,2689.1334,44.81889,0.65640383,4,3,3.666666667,Approved/Enrolled,Course Unavailable at Local School
85651,FrScA-S116-01,64.98858447,F,NA,NA,NA,NA,NA,NA,NA,NA,NA,NA,565.7832,9.42972,-0.910724807,NA,NA,NA,Approved/Enrolled,Course Unavailable at Local School
85659,FrScA-S116-01,NA,M,NA,NA,NA,NA,NA,NA,NA,NA,NA,NA,NA,NA,NA,4.2,4,3.666666667,Approved/Enrolled,Course Unavailable at Local School
85659,FrScA-S216-01,67.72009029,F,4,3,3,5,4,5,5,5,3,3,816.7002,13.61167,-0.725536694,4.2,4,3.666666667,Approved/Enrolled,Course Unavailable at Local School
85661,FrScA-S116-02,87.19863014,M,5,3,4,5,5,5,4,5,3,5,1375.4834,22.92472333,-0.313129379,5,4,3.666666667,Approved/Enrolled,Course Unavailable at Local School
85662,FrScA-S116-01,NA,F,5,4,4,5,4,3,5,5,4,4,107.8999,1.798331667,-1.248663425,4.7,4.25,3.5,Dropped,Course Unavailable at Local School
85663,FrScA-S116-01,49.31506849,F,5,4,4,5,5,4,4,5,4,5,191.3834,3.189723333,-1.18704882,5,4,4,Approved/Enrolled,Course Unavailable at Local School
85665,FrScA-S116-01,96.80365297,F,4,2,2,3,4,4,4,4,3,3,4046.6159,67.44359833,1.658287411,3.6,3,3,Approved/Enrolled,Course Unavailable at Local School
85668,FrScA-S116-01,42.69406393,F,3,4,2,3,3,4,3,3,2,2,379.1335,6.318891667,-1.048480741,2.8,2.5,3.333333333,Approved/Enrolled,Course Unavailable at Local School
85698,FrScA-S116-02,32.5913242,F,5,4,3,5,4,4,3,3,3,4,1070.2167,17.836945,-0.538430033,4.2,3,3.666666667,Approved/Enrolled,Course Unavailable at Local School
85700,FrScA-S116-03,89.84246575,F,5,4,3,5,5,4,3,5,4,5,787.2831,13.121385,-0.747247847,5,3,4,Approved/Enrolled,Course Unavailable at Local School
85701,FrScA-S116-03,91.4109589,F,NA,NA,NA,NA,NA,NA,NA,NA,NA,NA,2381.6998,39.69499667,0.429503907,NA,NA,NA,Approved/Enrolled,Course Unavailable at Local School
85702,FrScA-S116-03,86.52054795,F,5,5,5,5,5,5,5,5,5,5,638.7338,10.64556333,-0.85688396,5,5,5,Approved/Enrolled,Course Unavailable at Local School
85704,FrScA-S116-03,68.26484018,M,3,4,2,3,3,4,4,3,2,2,1376.483,22.94138333,-0.312391629,2.8,3,3.333333333,Approved/Enrolled,Course Unavailable at Local School
85791,FrScA-S116-01,96.80365297,M,3,3,3,3,4,3,3,3,2,2,1461.8332,24.36388667,-0.249399315,3,3,2.666666667,Approved/Enrolled,Course Unavailable at Local School
85792,FrScA-S116-01,89.49771689,M,4,4,3,4,4,5,3,5,3,4,1687.3165,28.12194167,-0.082982425,4.2,3,4,NA,NA
85796,FrScA-S216-01,91.19638826,M,4,4,3,5,4,4,4,4,3,4,1024.7833,17.07972167,-0.57196194,4.2,3.5,3.666666667,Approved/Enrolled,Course Unavailable at Local School
85865,AnPhA-S116-01,52.1712,F,NA,NA,NA,NA,NA,NA,NA,NA,NA,NA,95.3,1.588333333,-1.257962722,4.6,4.5,4.666666667,NA,NA
85866,AnPhA-S116-01,75.1296,M,3,3,3,2,2,4,2,3,2,2,3050.0831,50.83471833,0.92280106,2.4,2.5,3,Approved/Enrolled,Learning Preference of the Student
85867,FrScA-S216-04,86.20767494,F,5,3,3,4,5,4,3,4,3,4,1283.4669,21.391115,-0.381041725,4.4,3,3.333333333,Approved/Enrolled,Course Unavailable at Local School
85889,BioA-S116-01,7.580645161,F,5,3,4,5,5,4,5,5,5,5,297.5167,4.958611667,-1.108717637,5,4.5,4,Approved/Enrolled,Learning Preference of the Student
85891,FrScA-S116-03,85.87442922,F,NA,NA,NA,NA,NA,NA,NA,NA,NA,NA,1784.2506,29.73751,-0.011440668,NA,NA,NA,Approved/Enrolled,Course Unavailable at Local School
85929,FrScA-S116-01,85.61643836,M,5,3,3,5,4,4,3,5,3,5,1297.9167,21.631945,-0.370377118,4.1,3,3.166666667,Approved/Enrolled,Learning Preference of the Student
85930,FrScA-S116-01,83.78995434,F,NA,NA,NA,NA,NA,NA,NA,NA,NA,NA,1647.2669,27.45444833,-0.112540844,NA,NA,NA,Approved/Enrolled,Learning Preference of the Student
85953,PhysA-S116-01,95.13888889,F,3,4,2,4,2,4,4,3,3,2,3255.3003,54.255005,1.074260651,3.666666667,3.666666667,3.888888889,Approved/Enrolled,Other
85962,PhysA-S116-01,85.93055556,F,4,3,3,4,4,4,4,4,3,3,1349.9664,22.49944,-0.331962081,3.8,3.5,3.333333333,Approved/Enrolled,Learning Preference of the Student
85970,AnPhA-S116-01,81.6224,M,3,2,3,4,4,4,3,3,4,3,610.8334,10.18055667,-0.877475719,3.4,3,3.333333333,Approved/Enrolled,Course Unavailable at Local School
86002,FrScA-S216-04,91.50564334,F,5,5,5,5,5,5,5,5,5,5,501.1839,8.353065,-0.958402017,5,5,5,Approved/Enrolled,Other
86067,BioA-S116-01,88.78494624,F,NA,NA,NA,NA,NA,NA,NA,NA,NA,NA,516.7003,8.611671667,-0.946950211,NA,NA,NA,Approved/Enrolled,Learning Preference of the Student
86072,AnPhA-S116-01,91.2928,M,4,4,3,4,4,4,3,5,3,4,608.1834,10.13639,-0.879431539,4.2,3,3.666666667,Approved/Enrolled,Course Unavailable at Local School
86105,FrScA-S116-01,89.9543379,M,NA,NA,NA,NA,NA,NA,NA,NA,NA,NA,4075.5504,67.92584,1.679642383,NA,NA,NA,Approved/Enrolled,Learning Preference of the Student
86110,BioA-S116-01,75.11182796,F,5,4,4,5,4,5,5,5,4,5,3954.2997,65.904995,1.590153873,4.8,4.5,4.333333333,Approved/Enrolled,Learning Preference of the Student
86113,BioA-S116-01,75.0827957,F,3,3,3,3,3,3,2,3,1,4,63.6837,1.061395,-1.281296984,4.25,3.5,3.666666667,Approved/Enrolled,Other
86119,AnPhA-S116-01,71.7376,F,4,4,3,5,4,4,4,4,4,4,2127.0664,35.45110667,0.241572922,4.2,3.5,4,Approved/Enrolled,Course Unavailable at Local School
86130,BioA-S116-01,72.84946237,F,4,3,3,4,4,3,3,4,3,4,142.7337,2.378895,-1.222954503,4.2,3,3.666666667,Approved/Enrolled,Other
86133,OcnA-S116-02,79.11222781,M,5,3,3,3,5,4,4,5,3,5,1581.7665,26.362775,-0.160883107,4.6,3.5,3.333333333,Approved/Enrolled,Course Unavailable at Local School
86202,BioA-S116-01,45.76666667,F,4,3,3,5,5,5,4,5,3,5,1391.0673,23.184455,-0.301627755,4.8,3.5,3.666666667,Approved/Enrolled,Credit Recovery
86216,BioA-S116-01,92.94301075,F,5,3,4,4,5,4,3,5,4,5,1855.9338,30.93223,0.041464781,4.8,3.5,3.666666667,Approved/Enrolled,Scheduling Conflict
86229,FrScA-S216-01,84.65011287,F,5,4,5,5,4,4,4,4,3,5,1210.0499,20.16749833,-0.435226797,4.6,4.5,3.666666667,Approved/Enrolled,Course Unavailable at Local School
86240,OcnA-S216-01,71.80904523,F,3,4,3,4,4,5,3,4,3,4,1800.2174,30.00362333,3.44E-04,3.8,3,4,Approved/Enrolled,Course Unavailable at Local School
86251,FrScA-S216-01,72.91196388,F,5,5,5,5,5,5,5,5,5,5,1374.95,22.91583333,-0.313523053,5,5,5,Approved/Enrolled,Other
86267,AnPhA-S116-01,35.0608,M,5,5,3,5,5,5,4,5,5,5,406.0001,6.766668333,-1.028651973,5,3.5,5,Approved/Enrolled,Course Unavailable at Local School
86268,AnPhA-S216-01,93.5386672,M,NA,NA,NA,NA,NA,NA,NA,NA,NA,NA,1272.3172,21.20528667,-0.389270709,NA,NA,NA,Approved/Enrolled,Course Unavailable at Local School
86271,FrScA-S116-01,97.26027397,F,NA,NA,NA,NA,NA,NA,NA,NA,NA,NA,282.7834,4.713056667,-1.11959148,NA,NA,NA,Approved/Enrolled,Course Unavailable at Local School
86275,AnPhA-S116-01,95.0208,F,4,4,3,4,4,4,3,4,4,4,7067.1498,117.78583,3.887578263,4,3,4,Approved/Enrolled,Course Unavailable at Local School
86277,AnPhA-S116-01,89.8133328,M,4,3,4,4,4,4,3,4,4,5,3856.8672,64.28112,1.518244274,4.2,3.5,3.666666667,Approved/Enrolled,Course Unavailable at Local School
86280,FrScA-S116-01,85.61643836,F,4,3,2,4,4,4,4,4,3,4,2167.9669,36.13278167,0.271759344,4.2,3.5,3.333333333,Approved/Enrolled,Course Unavailable at Local School
86286,AnPhA-S116-01,96.8144,F,5,5,4,5,5,5,5,5,5,5,4140.4495,69.00749167,1.727540858,5,4.5,5,Approved/Enrolled,Course Unavailable at Local School
86294,AnPhA-S116-01,83.4938672,F,5,5,5,5,5,5,3,5,5,5,4239.5495,70.65915833,1.800681148,5,4,5,Approved/Enrolled,Course Unavailable at Local School
86296,OcnA-S216-01,73.1038526,F,4,3,3,4,4,3,4,4,2,5,403.8,6.73,-1.030275747,4.133333333,3.666666667,2.888888889,Approved/Enrolled,Course Unavailable at Local School
86309,FrScA-S116-03,68.65525114,F,NA,NA,NA,NA,NA,NA,NA,NA,1,NA,1219.4837,20.32472833,-0.428264225,NA,NA,1,Approved/Enrolled,Course Unavailable at Local School
86314,AnPhA-S116-02,81.5237328,F,3,1,1,3,2,1,2,3,1,2,3030.1667,50.50277833,0.908101855,2.6,1.5,1,Approved/Enrolled,Course Unavailable at Local School
86339,FrScA-S116-01,91.78082192,F,4,4,3,5,4,4,4,4,3,4,598.783,9.979716667,-0.88636946,4.2,3.5,3.666666667,Approved/Enrolled,Scheduling Conflict
86340,FrScA-S116-01,95.43378995,M,4,3,3,4,4,3,4,4,2,5,1077.3504,17.95584,-0.533165039,4.2,3.5,2.666666667,Approved/Enrolled,Scheduling Conflict
86340,OcnA-S216-01,NA,F,NA,NA,NA,NA,NA,NA,NA,NA,NA,NA,111.5834,1.859723333,-1.245944835,4.2,3.5,2.666666667,Approved/Enrolled,Scheduling Conflict
86349,FrScA-S216-01,87.81038375,F,4,4,2,4,3,3,3,4,3,4,847.9663,14.13277167,-0.702460896,3.8,2.5,3.333333333,Approved/Enrolled,Scheduling Conflict
86349,OcnA-S116-01,90.86767169,F,NA,NA,NA,NA,NA,NA,NA,NA,NA,NA,1601.1335,26.68555833,-0.146589383,3.8,2.5,3.333333333,Approved/Enrolled,Scheduling Conflict
86353,PhysA-S116-01,85.73611111,F,5,5,5,5,5,5,2,5,5,5,328.5168,5.47528,-1.085838159,5,3.5,5,Approved/Enrolled,Learning Preference of the Student
86364,FrScA-S116-01,81.27853881,M,5,4,3,5,5,5,5,5,3,5,3429.2834,57.15472333,1.20266806,4.9,4.5,4.5,Approved/Enrolled,Other
86365,FrScA-S116-01,98.17351598,M,5,5,5,4,4,5,5,5,5,5,1027.7002,17.12833667,-0.569809136,4.6,5,5,Approved/Enrolled,Other
86429,AnPhA-S116-01,89.5072,M,NA,NA,NA,NA,NA,NA,NA,NA,NA,NA,7003.0005,116.716675,3.840233173,3,3,3,NA,NA
86432,AnPhA-S116-01,68.6629328,M,5,4,4,5,5,5,5,5,5,5,3715.9002,61.93167,1.414204243,5,4.5,4.666666667,Approved/Enrolled,Scheduling Conflict
86446,AnPhA-S116-01,85.6208,M,4,4,3,4,5,3,5,4,3,2,2527.6997,42.12832833,0.537258447,3.8,4,3.333333333,Approved/Enrolled,Scheduling Conflict
86451,AnPhA-S116-01,93.7024,F,4,3,3,4,4,4,4,4,3,4,4176.8337,69.613895,1.754394046,4,3.5,3.333333333,Approved/Enrolled,Scheduling Conflict
86455,FrScA-S116-01,91.09589041,F,4,2,2,4,4,4,4,4,2,4,1616.3337,26.938895,-0.135370947,4.5,3.75,3.75,Approved/Enrolled,Other
86455,OcnA-S216-01,92.03517588,F,5,5,5,5,5,5,5,5,5,5,2337.4167,38.956945,0.396820973,4.5,3.75,3.75,Approved/Enrolled,Other
86460,OcnA-S116-01,88.72026801,M,NA,NA,NA,NA,NA,NA,NA,NA,NA,NA,1891.1999,31.51999833,0.06749276,NA,NA,NA,Approved/Enrolled,Other
86476,AnPhA-S116-01,92.1949328,F,NA,NA,NA,NA,NA,NA,NA,NA,NA,NA,1937.5168,32.29194667,0.101676731,4.6,4,4,Approved/Enrolled,Course Unavailable at Local School
86476,FrScA-S116-01,95.43378995,F,5,5,4,5,4,4,4,5,3,4,1673.8004,27.89667333,-0.092957919,4.6,4,4,Approved/Enrolled,Course Unavailable at Local School
86479,AnPhA-S116-01,92.6074672,F,4,3,3,4,4,4,3,4,3,5,2712.234,45.2039,0.67345312,4.2,3,3.333333333,Approved/Enrolled,Course Unavailable at Local School
86484,AnPhA-S116-01,80.0656,F,4,4,4,4,4,4,4,4,2,4,1872.0336,31.20056,0.053347163,4,4,3.333333333,Approved/Enrolled,Course Unavailable at Local School
86488,AnPhA-S116-01,87.4408,M,4,4,2,3,3,3,3,2,3,3,3599.7168,59.99528,1.32845563,3,2.5,3.333333333,Approved/Enrolled,Course Unavailable at Local School
86490,FrScA-S216-01,93.67945824,M,5,4,4,5,4,4,5,4,4,4,1101.2833,18.35472167,-0.515501475,4.4,4.25,3.833333333,Approved/Enrolled,Course Unavailable at Local School
86492,AnPhA-S116-01,25.5928,F,NA,NA,NA,NA,NA,NA,NA,NA,NA,NA,893.1332,14.88555333,-0.669125678,NA,NA,NA,Approved/Enrolled,Course Unavailable at Local School
86504,AnPhA-S116-01,75.5392,M,NA,NA,NA,NA,NA,NA,NA,NA,NA,NA,1551.3498,25.85583,-0.183332009,NA,NA,NA,Approved/Enrolled,Scheduling Conflict
86515,FrScA-S216-01,87.13318284,F,5,4,3,4,4,4,4,5,2,4,846.0835,14.10139167,-0.703850488,4.333333333,3.666666667,3.555555556,Approved/Enrolled,Course Unavailable at Local School
86527,OcnA-S216-01,82.71524288,F,4,3,3,4,4,4,NA,4,3,2,2211.5331,36.858885,0.303913173,3.6,3,3.333333333,Approved/Enrolled,Course Unavailable at Local School
86543,FrScA-S116-01,79.45205479,F,NA,NA,NA,NA,NA,NA,NA,NA,NA,NA,1425.9832,23.76638667,-0.275858239,NA,NA,NA,NA,NA
86580,BioA-S116-01,83.16666667,M,5,5,4,5,5,5,5,5,5,5,1076.5339,17.94223167,-0.533767653,5,4.5,5,Approved/Enrolled,Learning Preference of the Student
86580,BioA-S116-01,83.16666667,M,5,5,4,5,5,5,5,5,5,5,1076.5339,17.94223167,-0.533767653,5,4.5,5,Approved/Enrolled,Learning Preference of the Student
86588,AnPhA-S116-01,19.84,F,5,4,5,5,4,4,4,5,4,5,67.5167,1.125278333,-1.278468056,4.8,4.5,4,Approved/Enrolled,Scheduling Conflict
86608,AnPhA-S116-01,79.8506672,M,3,2,4,4,3,3,4,4,3,4,3109.0664,51.81777333,0.966333408,3.6,4,2.666666667,Approved/Enrolled,Course Unavailable at Local School
86618,FrScA-S116-03,49.13013699,F,4,3,3,5,5,3,4,4,3,4,2393.4669,39.891115,0.438188559,4.2,3.5,3.166666667,Approved/Enrolled,Course Unavailable at Local School
86627,FrScA-S116-02,61.2283105,F,4,3,3,4,4,3,3,3,3,3,2193.117,36.55195,0.290321257,3.6,3,3,Approved/Enrolled,Course Unavailable at Local School
86679,FrScA-S116-01,95.89041096,F,4,4,3,4,4,3,4,5,4,5,2267.4,37.79,0.345145476,4.4,3.5,3.666666667,Approved/Enrolled,Other
86689,OcnA-S116-02,60.40201005,M,NA,NA,NA,NA,NA,NA,NA,NA,NA,NA,2457.1828,40.95304667,0.48521378,NA,NA,NA,Approved/Enrolled,Course Unavailable at Local School
86697,OcnA-S216-02,90.07705193,M,5,3,3,5,5,4,5,5,3,5,1133.4667,18.89111167,-0.491748668,5,4,3.333333333,Approved/Enrolled,Other
86707,AnPhA-S116-02,85.9093344,F,4,2,3,4,4,3,4,4,1,2,2143.133,35.71888333,0.253430801,3.9,3.5,3.166666667,Approved/Enrolled,Course Unavailable at Local School
86709,FrScA-S116-01,95.66210046,F,NA,NA,NA,NA,NA,NA,NA,NA,NA,NA,1600.3334,26.67222333,-0.147179893,NA,NA,NA,Approved/Enrolled,Scheduling Conflict
86758,OcnA-S116-01,94.61474037,F,5,3,4,4,4,4,4,4,4,4,3742.8836,62.38139333,1.434119214,4.2,4,3.666666667,Approved/Enrolled,Course Unavailable at Local School
86792,FrScA-S116-01,99.08675799,M,3,3,2,4,2,5,4,3,4,3,879.1998,14.65333,-0.679409158,3,3,4,Approved/Enrolled,Course Unavailable at Local School
86793,FrScA-S116-01,96.34703196,F,NA,NA,NA,NA,NA,NA,NA,NA,NA,NA,553.3835,9.223058333,-0.919876348,4,3.5,3,Approved/Enrolled,Course Unavailable at Local School
86794,FrScA-S116-01,90.1826484,F,NA,NA,NA,NA,NA,NA,NA,NA,NA,NA,1274.8167,21.246945,-0.387425964,NA,NA,NA,NA,NA
86803,FrScA-S116-01,87.55707763,M,NA,NA,NA,NA,NA,NA,NA,NA,NA,NA,3344.1504,55.73584,1.139836049,4.4,3.5,4.666666667,Approved/Enrolled,Course Unavailable at Local School
86815,FrScA-S116-01,83.33333333,F,4,5,3,5,4,5,4,5,3,5,1666.7332,27.77888667,-0.098173833,4.6,3.5,4.333333333,Approved/Enrolled,Course Unavailable at Local School
86836,FrScA-S216-01,89.84198646,M,2,2,2,1,3,2,5,2,2,3,1422.7335,23.712225,-0.278256665,3.3,4,2.666666667,Approved/Enrolled,Course Unavailable at Local School
86836,OcnA-S116-01,NA,F,NA,NA,NA,NA,NA,NA,NA,NA,NA,NA,46.6833,0.778055,-1.293844049,3.3,4,2.666666667,Approved/Enrolled,Course Unavailable at Local School
86882,FrScA-S116-03,80.3652968,F,4,5,4,4,4,4,4,4,4,5,1294.8334,21.58055667,-0.372652733,4.2,4,4.333333333,Approved/Enrolled,Course Unavailable at Local School
86942,AnPhA-S216-01,83.624,M,5,4,3,5,4,4,4,3,3,5,3101.5166,51.69194333,0.960761313,4.4,3.5,3.666666667,Approved/Enrolled,Scheduling Conflict
86943,OcnA-S116-01,73.07872697,F,5,4,5,5,5,5,5,5,3,5,1377.5666,22.95944333,-0.311591883,5,5,4,Approved/Enrolled,Scheduling Conflict
87001,OcnA-S116-02,68.25795645,F,NA,NA,NA,NA,NA,NA,NA,NA,NA,NA,1202.6335,20.04389167,-0.440700436,3.8,4.5,3.666666667,Approved/Enrolled,Course Unavailable at Local School
87010,FrScA-S116-01,88.01369863,F,5,3,3,5,4,4,3,5,2,3,1920.8168,32.01361333,0.089351374,4.7,3.5,4,Approved/Enrolled,Course Unavailable at Local School
87020,FrScA-S216-01,73.25056433,F,4,3,3,4,4,3,3,5,2,5,1788.9003,29.815005,-0.008008979,4.4,3,2.666666667,Approved/Enrolled,Course Unavailable at Local School
87027,FrScA-S116-01,78.76712329,F,5,5,4,4,4,5,4,5,4,5,1605.0336,26.75056,-0.143710933,4.3,3.5,4,Approved/Enrolled,Course Unavailable at Local School
87043,AnPhA-S116-01,91.312,F,NA,NA,NA,NA,NA,NA,NA,NA,NA,NA,1587.1833,26.453055,-0.156885263,NA,NA,NA,Approved/Enrolled,Other
87081,BioA-S116-01,6.693548387,M,3,3,2,2,3,3,3,2,3,3,181.5999,3.026665,-1.194269487,2.6,2.5,3,Approved/Enrolled,Other
87093,FrScA-S116-01,60.2739726,F,5,5,4,4,4,5,5,5,4,4,486.65,8.110833333,-0.969128694,4.4,4.5,4.666666667,Approved/Enrolled,Course Unavailable at Local School
87122,OcnA-S116-02,8.040201005,F,5,4,4,5,4,4,4,4,3,5,546.4335,9.107225,-0.925005762,4.6,3.75,3.5,Approved/Enrolled,Course Unavailable at Local School
87163,FrScA-S116-01,88.58447489,M,NA,NA,NA,NA,NA,NA,NA,NA,NA,NA,1365.8501,22.76416833,-0.320239191,NA,NA,NA,Approved/Enrolled,Scheduling Conflict
87166,AnPhA-S116-01,77.3104,F,5,4,3,5,5,5,4,5,4,5,1471.8833,24.53138833,-0.241981886,5,3.5,4.333333333,Approved/Enrolled,Course Unavailable at Local School
87171,PhysA-S116-01,97.5,F,4,4,3,4,4,4,3,4,4,4,768.6994,12.81165667,-0.760963459,4.333333333,3.5,4.111111111,Approved/Enrolled,Course Unavailable at Local School
87209,OcnA-S116-02,80.83752094,F,4,3,4,5,5,3,4,5,3,5,3755.1506,62.58584333,1.443172816,4.8,4,3,Approved/Enrolled,Learning Preference of the Student
87484,FrScA-S116-01,92.69406393,M,4,4,4,5,4,4,5,4,5,5,3341.9499,55.699165,1.138211981,3.7,3.75,4,Approved/Enrolled,Course Unavailable at Local School
87485,FrScA-S116-01,65.98173516,M,4,3,3,3,3,3,4,3,3,2,1451.8836,24.19806,-0.256742571,3,3.5,3,Approved/Enrolled,Course Unavailable at Local School
87489,FrScA-S116-01,71.00456621,M,4,3,3,4,4,4,4,4,3,5,1075.0999,17.91833167,-0.53482601,4.266666667,3.5,3.444444444,Approved/Enrolled,Course Unavailable at Local School
87504,FrScA-S116-01,55.02283105,M,NA,NA,NA,NA,NA,NA,NA,NA,NA,NA,1330.8502,22.18083667,-0.346070703,NA,NA,NA,Approved/Enrolled,Learning Preference of the Student
87552,BioA-S116-01,90.08064516,F,4,3,3,3,4,4,3,4,2,5,1496.8001,24.94666833,-0.223592159,4,3,3,Approved/Enrolled,Scheduling Conflict
87579,FrScA-S116-01,96.11872146,F,3,3,3,3,4,4,3,3,2,3,1451.9169,24.198615,-0.256717994,3.2,3,3,Approved/Enrolled,Scheduling Conflict
87670,OcnA-S216-01,76.20435511,F,NA,NA,NA,NA,NA,NA,NA,NA,NA,NA,1995.5832,33.25972,0.144532364,NA,NA,NA,Approved/Enrolled,Course Unavailable at Local School
87689,BioA-T116-01,82.70215054,F,NA,NA,NA,NA,NA,NA,NA,NA,NA,NA,1525.0333,25.41722167,-0.202754778,NA,NA,NA,Approved/Enrolled,Other
87693,FrScA-T116-01,89.76484018,M,4,2,3,4,4,2,4,4,2,4,2479.8167,41.33027833,0.501918624,4,3.5,2,NA,NA
87805,FrScA-S116-01,96.80365297,F,NA,NA,NA,NA,NA,NA,NA,NA,NA,NA,1388.1167,23.13527833,-0.303805432,NA,NA,NA,Approved/Enrolled,Course Unavailable at Local School
87825,OcnA-S216-01,93.47738693,M,4,4,3,4,4,5,4,5,4,5,330.7998,5.51333,-1.084153202,4.4,3.5,4.333333333,Approved/Enrolled,Course Unavailable at Local School
87861,FrScA-S216-01,95.48532731,F,4,2,2,3,4,3,3,4,2,2,3303.3832,55.05638667,1.109748009,3.4,2.5,2.333333333,Approved/Enrolled,Course Unavailable at Local School
87865,AnPhA-T116-01,83.1264,M,4,5,3,3,3,4,4,4,3,4,1304.1168,21.73528,-0.365801163,3.6,3.5,4,Approved/Enrolled,Scheduling Conflict
87866,FrScA-T116-01,94.50456621,F,5,4,3,5,4,4,3,3,3,5,1988.8836,33.14806,0.139587756,4.6,3.25,3.5,Approved/Enrolled,Course Unavailable at Local School
87905,FrScA-S116-01,93.37899543,F,5,5,4,4,4,5,4,5,4,5,2166.8999,36.11499833,0.27097185,4.5,4,4.333333333,Approved/Enrolled,Course Unavailable at Local School
87906,FrScA-S116-01,81.73515982,M,4,3,3,5,5,4,5,5,3,4,1095.6001,18.26000167,-0.519695934,4.6,4,3.333333333,Approved/Enrolled,Learning Preference of the Student
87914,FrScA-S116-01,86.07305936,F,4,4,4,4,5,4,4,4,4,4,1156.1668,19.26944667,-0.474994965,3.933333333,3.5,3.666666667,Approved/Enrolled,Course Unavailable at Local School
87927,FrScA-S116-01,69.6347032,F,3,5,3,3,4,5,4,4,4,3,3934.8498,65.58083,1.575798966,3.4,3.5,4.666666667,Approved/Enrolled,Course Unavailable at Local School
87955,OcnA-T116-01,83.44723618,M,4,3,3,4,4,3,4,4,3,4,2420.5994,40.34332333,0.458213574,4.1,3.5,3.833333333,Approved/Enrolled,Course Unavailable at Local School
87970,OcnA-S116-01,86.69514238,F,5,4,4,5,4,5,3,4,3,5,3123.3502,52.05583667,0.976875499,4.6,3.5,4,Approved/Enrolled,Course Unavailable at Local School
87988,FrScA-S216-02,NA,F,5,4,3,5,5,5,5,5,4,4,7.8831,0.131385,-1.322480355,4.8,4,4.333333333,Dropped,Course Unavailable at Local School
88048,FrScA-S216-02,93.00225734,F,4,3,2,4,4,3,3,4,3,3,2269.133,37.81888333,0.346424509,3.8,2.5,3,Approved/Enrolled,Course Unavailable at Local School
88050,AnPhA-S116-01,71.6757328,F,4,4,3,5,4,4,4,4,4,5,2130.6666,35.51111,0.244230033,4.2,3.25,3.833333333,Approved/Enrolled,Course Unavailable at Local School
88068,AnPhA-S116-01,70.6074672,F,5,4,5,5,4,4,3,4,3,4,535.8334,8.930556667,-0.932829116,4.4,4,3.666666667,Approved/Enrolled,Learning Preference of the Student
88075,FrScA-S116-04,83.17123288,F,3,5,3,4,3,4,3,4,4,4,4323.8332,72.06388667,1.862886337,3.6,3,4.333333333,Approved/Enrolled,Learning Preference of the Student
88091,PhysA-S116-01,97.72222222,M,4,2,2,4,3,3,3,4,2,3,262.5502,4.375836667,-1.134524498,3.6,2.5,2.333333333,Approved/Enrolled,Learning Preference of the Student
88099,AnPhA-S116-01,81.9629328,M,4,3,2,4,4,3,4,4,3,4,2615.4998,43.59166333,0.602058898,4,3,3,Approved/Enrolled,Learning Preference of the Student
88153,AnPhA-S116-01,88.7024,F,5,4,4,5,5,5,5,4,4,5,6954.6997,115.9116617,3.804584995,4.6,3.75,3.666666667,Approved/Enrolled,Scheduling Conflict
88166,OcnA-S116-02,84.92127303,F,4,4,3,4,4,4,4,4,3,4,2137.7164,35.62860667,0.249433105,3.9,3.25,3.833333333,Approved/Enrolled,Scheduling Conflict
88168,OcnA-S116-02,95.96314908,M,4,4,4,5,4,4,4,4,4,5,2885.7832,48.09638667,0.801540291,4.4,4,4,Approved/Enrolled,Scheduling Conflict
88261,FrScA-S116-01,98.63013699,M,5,4,3,5,5,4,4,5,4,5,1269.6667,21.16111167,-0.391226898,5,3.5,4,Approved/Enrolled,Course Unavailable at Local School
88282,OcnA-T116-01,92.12060302,F,4,2,3,4,4,3,4,4,3,2,2373.7169,39.56194833,0.423612165,3.6,3.5,2.666666667,Approved/Enrolled,Course Unavailable at Local School
88296,PhysA-S116-01,58.53472222,F,5,4,5,5,5,5,5,5,5,5,1190.5998,19.84333,-0.449581852,5,4.25,3.833333333,NA,NA
88307,OcnA-S116-03,54.5352381,F,NA,NA,NA,NA,NA,NA,NA,NA,NA,NA,1811.9338,30.19889667,0.008990788,3.9,3.5,4,Approved/Enrolled,Course Unavailable at Local School
88311,FrScA-S216-04,92.60722348,M,4,4,3,4,4,4,4,4,4,4,1660.9829,27.68304833,-0.102417815,4,3.5,4,Approved/Enrolled,Course Unavailable at Local School
88340,OcnA-T116-01,68.93802345,F,5,5,5,5,5,5,4,5,5,5,444.5,7.408333333,-1.000237303,5,4.5,5,Approved/Enrolled,Course Unavailable at Local School
88381,PhysA-S116-01,96.80555556,M,4,5,3,5,5,5,4,4,4,5,1120.367,18.67278333,-0.50141684,4.8,3.5,3.833333333,Approved/Enrolled,Learning Preference of the Student
88409,FrScA-S116-03,68.03424658,F,5,4,4,5,4,3,4,4,3,4,2313.5495,38.55915833,0.379205898,4.4,4,3.333333333,Approved/Enrolled,Learning Preference of the Student
88440,AnPhA-S216-01,84.216,F,NA,NA,NA,NA,NA,NA,NA,NA,NA,NA,2544.4002,42.40667,0.549584172,4.2,4,4,Approved/Enrolled,Learning Preference of the Student
88440,OcnA-S116-01,81.06532663,F,4,4,3,5,4,4,5,4,4,4,2600.1334,43.33555667,0.590717799,4.2,4,4,Approved/Enrolled,Learning Preference of the Student
88474,OcnA-S216-01,56.9681742,F,4,4,3,4,4,4,3,4,3,3,4112.7673,68.54612167,1.707110141,3.5,2.5,3.666666667,Approved/Enrolled,Other
88481,PhysA-S116-01,26.80555556,F,4,4,4,4,4,4,4,4,4,4,642.0504,10.70084,-0.854436159,4,4,4,Approved/Enrolled,Scheduling Conflict
88493,FrScA-S116-01,NA,M,4,3,3,4,4,3,4,4,3,3,56.3166,0.93861,-1.286734237,3.8,3.5,3,Dropped,Course Unavailable at Local School
88501,FrScA-S116-01,78.31050228,F,NA,NA,NA,NA,NA,NA,NA,NA,NA,NA,3315.3331,55.25555167,1.118567577,5,4,3.333333333,Approved/Enrolled,Course Unavailable at Local School
88504,OcnA-S216-01,NA,F,5,4,4,4,4,4,4,4,3,4,68.6333,1.143888333,-1.277643955,4.2,4,3.666666667,Dropped,Course Unavailable at Local School
88527,FrScA-S116-01,92.69406393,F,5,5,3,5,5,4,5,5,5,5,1551.6665,25.86110833,-0.18309827,4.1,4,4.5,Approved/Enrolled,Course Unavailable at Local School
88568,BioA-S116-01,36.57419355,F,4,4,4,5,4,5,4,5,3,4,1329.3997,22.15666167,-0.347141238,4.6,4,4,Approved/Enrolled,Other
88568,BioA-S216-01,NA,F,NA,NA,NA,NA,NA,NA,NA,NA,NA,NA,NA,NA,NA,4.6,4,4,Approved/Enrolled,Other
88596,FrScA-S216-01,91.87358916,F,NA,NA,NA,NA,NA,NA,NA,NA,NA,NA,1395.8998,23.26499667,-0.298061151,NA,NA,NA,Approved/Enrolled,Course Unavailable at Local School
88612,AnPhA-S216-01,71.6544,F,NA,NA,NA,NA,NA,NA,NA,NA,NA,NA,2258.9165,37.64860833,0.338884269,4.8,3.5,3.333333333,Approved/Enrolled,Other
88636,FrScA-S116-03,65.56392694,M,5,5,5,5,5,NA,NA,NA,NA,NA,1284.8333,21.41388833,-0.38003326,5,5,5,Approved/Enrolled,Course Unavailable at Local School
88641,AnPhA-S116-01,87.1808,F,4,4,4,5,4,5,4,4,3,4,1998.4998,33.30833,0.146684947,4.2,4,4,Approved/Enrolled,Scheduling Conflict
88642,OcnA-S216-02,83.58458961,F,4,3,4,4,5,4,4,5,4,4,1980.6001,33.01000167,0.133474158,4.4,4,3.5,Approved/Enrolled,Course Unavailable at Local School
88703,OcnA-T116-01,35.74539363,F,5,5,5,5,5,5,5,5,5,5,1233.3832,20.55638667,-0.418005764,5,5,5,Approved/Enrolled,Learning Preference of the Student
88803,OcnA-S216-02,65.03685092,F,NA,NA,NA,NA,NA,NA,NA,NA,NA,NA,2015.5833,33.593055,0.159293344,4.2,3,3.666666667,Approved/Enrolled,Credit Recovery
88835,FrScA-S116-03,81.97945205,F,4,3,4,4,4,4,4,4,4,4,2062.95,34.3825,0.194252114,3.9,3.75,3.5,Approved/Enrolled,Course Unavailable at Local School
88836,FrScA-S116-03,67.91780822,F,5,5,5,5,5,5,5,5,5,5,152.7499,2.545831667,-1.215562094,5,5,5,Approved/Enrolled,Learning Preference of the Student
88845,FrScA-S216-01,90.97065463,F,4,5,3,4,4,4,4,4,3,3,1075.6163,17.92693833,-0.534444883,4.4,3.5,4,Approved/Enrolled,Course Unavailable at Local School
88849,OcnA-S216-01,90.76884422,M,4,4,3,3,3,4,3,4,3,4,4799.483,79.99138333,2.213937436,3.6,3,3.666666667,Approved/Enrolled,Scheduling Conflict
88854,FrScA-S216-01,69.63882619,F,4,4,3,4,3,4,4,4,5,4,885.9167,14.76527833,-0.674451782,3.9,3.5,3.833333333,Approved/Enrolled,Course Unavailable at Local School
88854,OcnA-S116-01,76.5879397,F,NA,NA,NA,NA,NA,NA,NA,NA,NA,NA,762.5997,12.709995,-0.765465314,3.9,3.5,3.833333333,Approved/Enrolled,Course Unavailable at Local School
88864,OcnA-S216-02,69.8040201,F,NA,NA,NA,NA,NA,NA,NA,NA,NA,NA,2231.3667,37.189445,0.318551268,3.4,4.5,3.666666667,Approved/Enrolled,Learning Preference of the Student
88868,FrScA-S116-03,76.30821918,F,5,5,4,5,4,5,3,5,4,5,1174.3499,19.57249833,-0.461575014,4.8,3.5,4.666666667,Approved/Enrolled,Course Unavailable at Local School
88874,FrScA-S116-03,11.15296804,F,5,4,3,4,4,4,4,4,3,5,700.9668,11.68278,-0.810953187,4.4,3.5,3.666666667,Approved/Enrolled,Course Unavailable at Local School
88886,FrScA-S116-03,75.28310502,F,5,5,5,1,5,5,1,5,5,5,1598.3499,26.639165,-0.148643806,4.2,3,5,Approved/Enrolled,Course Unavailable at Local School
88979,AnPhA-S216-02,NA,F,NA,NA,NA,NA,NA,NA,NA,NA,NA,NA,364.5001,6.075001667,-1.059280853,NA,NA,NA,Dropped,Scheduling Conflict
88995,AnPhA-T116-01,85.7936,F,3,NA,3,3,4,3,3,3,3,4,119.3169,1.988615,-1.240237162,3.4,3,3,Approved/Enrolled,Course Unavailable at Local School
89005,AnPhA-T116-01,87.6208,F,NA,NA,NA,NA,NA,NA,NA,NA,NA,NA,2429.3997,40.489995,0.464708594,NA,NA,NA,Approved/Enrolled,Course Unavailable at Local School
89114,OcnA-S116-01,95.00837521,F,5,3,4,5,5,5,3,5,3,5,1092.3662,18.20610333,-0.522082699,5,3.5,3.666666667,Approved/Enrolled,Learning Preference of the Student
89128,FrScA-S116-01,87.67123288,M,4,4,4,4,4,4,4,4,3,4,362.8837,6.048061667,-1.06047383,4.5,4.25,3.833333333,Approved/Enrolled,Other
89142,AnPhA-S116-01,95.104,M,4,3,3,4,5,5,5,5,4,3,3067.4676,51.12446,0.935631609,4.2,4,4,Approved/Enrolled,Other
89144,FrScA-S116-03,90.65068493,F,4,5,3,5,4,5,4,5,3,5,2582.4167,43.04027833,0.577642071,4.6,3.5,4.333333333,Approved/Enrolled,Course Unavailable at Local School
89165,FrScA-S116-03,92.46575342,F,5,3,4,5,5,3,4,5,2,5,2571.5334,42.85889,0.569609703,4.3,3.5,3,Approved/Enrolled,Course Unavailable at Local School
89168,FrScA-S116-03,NA,M,5,3,3,5,4,4,3,5,3,5,60.65,1.010833333,-1.283535992,4.8,3,3.333333333,Dropped,Course Unavailable at Local School
89194,AnPhA-S116-01,83.2053328,F,5,5,5,5,4,4,4,5,5,5,317.2168,5.286946667,-1.094178071,4.8,4.5,4.666666667,Approved/Enrolled,Learning Preference of the Student
89295,PhysA-S116-01,68.05555556,F,4,2,1,3,4,4,4,4,4,4,532.7998,8.879996667,-0.935068051,3.9,3.25,3.166666667,Approved/Enrolled,Learning Preference of the Student
89300,BioA-S116-01,61.3172043,M,NA,NA,NA,NA,NA,NA,NA,NA,NA,NA,1132.1503,18.86917167,-0.49272023,NA,NA,NA,Approved/Enrolled,Scheduling Conflict
89333,FrScA-S216-01,90.51918736,F,5,3,4,5,5,4,5,5,4,5,945.417,15.75695,-0.630537865,4.7,4.25,4,Approved/Enrolled,Other
89345,FrScA-S216-01,NA,F,NA,NA,NA,NA,NA,NA,NA,NA,NA,NA,48.4333,0.807221667,-1.29255247,NA,NA,NA,Dropped,Course Unavailable at Local School
89374,FrScA-S216-01,82.39277652,M,4,3,2,4,3,4,3,4,3,2,2517.95,41.96583333,0.530062726,3.4,2.5,3.333333333,NA,NA
89376,FrScA-S116-03,86.29452055,M,4,4,3,4,4,4,4,4,4,2,3780.5335,63.00889167,1.461906546,3.6,3.5,4,Approved/Enrolled,Other
89388,FrScA-S116-03,93.59360731,F,4,3,2,4,3,4,4,4,4,4,2999.8498,49.99749667,0.885726609,3.8,3,3.666666667,NA,NA
89395,PhysA-S116-01,76.875,F,5,4,4,5,4,4,4,4,NA,4,2432.7831,40.546385,0.467205696,3.7,4,2.8,Approved/Enrolled,Course Unavailable at Local School
89425,PhysA-S116-01,92.375,F,5,5,5,5,5,5,4,5,4,5,2173.1333,36.21888833,0.275572381,4.066666667,3.333333333,3.111111111,Approved/Enrolled,Course Unavailable at Local School
89435,OcnA-S116-01,93.83249581,F,4,4,4,5,4,3,4,4,4,4,6348.4492,105.8074867,3.357144662,4.2,4,3.666666667,Approved/Enrolled,Course Unavailable at Local School
89465,FrScA-S216-01,NA,F,4,2,3,4,4,2,3,4,2,2,24.65,0.410833333,-1.310105623,3.6,3,2,Dropped,Course Unavailable at Local School
89487,OcnA-S116-01,81.89782245,F,5,4,3,4,4,4,3,4,4,5,2151.1498,35.85249667,0.259347562,4.4,3,4,Approved/Enrolled,Course Unavailable at Local School
89490,PhysA-S116-01,71.59722222,F,5,4,3,5,5,4,3,5,4,5,2046.9998,34.11666333,0.182480144,5,3.5,4,Approved/Enrolled,Course Unavailable at Local School
89918,AnPhA-S116-01,75.6416,F,4,2,2,4,4,3,3,4,3,4,6009.3666,100.15611,3.106886342,3.7,2.5,2.666666667,Approved/Enrolled,Learning Preference of the Student
89994,FrScA-S216-02,90.74492099,F,NA,NA,NA,NA,NA,NA,NA,NA,NA,NA,2310.3333,38.505555,0.376832197,NA,NA,NA,Approved/Enrolled,Course Unavailable at Local School
90029,FrScA-S216-01,68.62302483,F,NA,NA,NA,NA,NA,NA,NA,NA,NA,NA,766.5663,12.776105,-0.762537784,NA,NA,NA,Approved/Enrolled,Other
90090,OcnA-S116-02,96.29815745,F,4,3,3,4,4,3,4,4,3,3,1430.217,23.83695,-0.272733503,3.8,3.5,3,Approved/Enrolled,Other
90095,FrScA-S116-01,73.51598174,F,5,2,4,1,4,2,5,4,2,4,1476.0832,24.60138667,-0.23888217,3.6,4.5,2,Approved/Enrolled,Other
90097,FrScA-S116-03,76.97031963,M,4,3,3,4,4,4,3,4,3,5,1145.5167,19.091945,-0.482855222,4.2,3,3.333333333,Approved/Enrolled,Course Unavailable at Local School
90098,FrScA-S116-03,86.60045662,F,5,4,4,5,4,4,5,5,5,5,1692.6164,28.21027333,-0.079070859,4.8,4.5,4.333333333,Approved/Enrolled,Course Unavailable at Local School
90253,BioA-S116-01,64.23548387,M,4,3,2,4,3,5,3,4,4,4,1803.8334,30.06389,0.003012325,3.9,3,3.5,Approved/Enrolled,Other
90274,FrScA-S116-03,94.30365297,M,5,4,3,5,5,5,4,5,4,4,1517.5835,25.29305833,-0.208253068,4.8,3.5,4.333333333,Approved/Enrolled,Course Unavailable at Local School
90277,FrScA-S216-01,91.4221219,F,4,2,1,4,4,4,4,4,4,4,1097.8003,18.29667167,-0.518072087,4.5,3.25,3.833333333,Approved/Enrolled,Course Unavailable at Local School
90305,AnPhA-S116-01,73.4533328,F,4,4,3,4,4,4,4,4,3,3,2363.6832,39.39472,0.41620684,3.8,3.5,3.666666667,Approved/Enrolled,Scheduling Conflict
90326,PhysA-S116-01,77.43055556,F,5,4,4,5,5,3,5,5,4,5,509.5167,8.491945,-0.952252033,5,4.5,3.666666667,Approved/Enrolled,Learning Preference of the Student
90333,PhysA-S116-01,70.73611111,F,4,2,2,5,5,3,5,5,3,5,231.7502,3.862503333,-1.157256293,4.8,3.5,2.666666667,Approved/Enrolled,Other
90370,FrScA-S116-03,63.85159817,M,5,5,5,5,5,5,5,5,5,5,3890,64.83333333,1.542697782,4.3,4.5,4.166666667,Approved/Enrolled,Other
90372,FrScA-S116-03,62.73287671,M,5,4,3,5,5,5,4,5,5,5,1378.984,22.98306667,-0.310545778,5,3.5,4.666666667,Approved/Enrolled,Course Unavailable at Local School
90394,AnPhA-S116-02,71.832,M,NA,NA,NA,NA,NA,NA,NA,NA,NA,NA,1886.5329,31.442215,0.064048303,5,5,5,Approved/Enrolled,Course Unavailable at Local School
90394,FrScA-S216-01,45.59819413,F,5,5,5,5,5,5,5,5,5,5,871.2833,14.52138833,-0.685251894,5,5,5,Approved/Enrolled,Course Unavailable at Local School
90395,AnPhA-S116-02,81.1226672,M,4,4,4,4,4,4,3,4,4,5,2300.6664,38.34444,0.369697586,4.2,3.5,4,Approved/Enrolled,Course Unavailable at Local School
90396,AnPhA-S116-02,79.3941328,F,5,5,3,4,4,5,4,5,4,5,3544.8161,59.08026833,1.287936426,4.6,3.5,4.666666667,Approved/Enrolled,Course Unavailable at Local School
90397,AnPhA-S116-02,81.7482672,F,NA,NA,NA,NA,NA,NA,NA,NA,NA,NA,2394.3497,39.90582833,0.438840106,4.5,3.75,3.5,NA,NA
90398,AnPhA-S116-02,94.9274672,M,4,3,2,4,4,4,3,4,3,3,4264.25,71.07083333,1.818911236,3.9,3,3.166666667,Approved/Enrolled,Course Unavailable at Local School
90399,AnPhA-S116-02,88.8896,F,4,4,2,3,3,4,2,3,4,4,768.4833,12.808055,-0.761122951,3.4,2,4,Approved/Enrolled,Course Unavailable at Local School
90430,BioA-S116-01,78.86666667,F,4,4,3,4,4,4,4,4,4,4,2252.5,37.54166667,0.334148601,4.5,3.75,3.833333333,Approved/Enrolled,Credit Recovery
90433,FrScA-S116-01,91.09589041,F,4,3,3,4,3,3,2,4,2,3,2689.2001,44.82000167,0.656453058,3.6,2.5,2.666666667,Approved/Enrolled,Course Unavailable at Local School
90466,BioA-S116-01,82.33333333,F,5,5,5,5,5,5,5,5,5,5,658.4165,10.97360833,-0.842357236,5,5,5,Approved/Enrolled,Course Unavailable at Local School
90516,AnPhA-T116-01,73.8816,M,4,2,2,4,4,3,3,4,2,4,250.4331,4.173885,-1.143467467,4.5,3.75,3.666666667,Approved/Enrolled,Learning Preference of the Student
90562,OcnA-S116-01,77.5561139,F,4,4,4,4,4,4,4,4,2,5,1389.3161,23.15526833,-0.30292022,4.2,4,3.333333333,Approved/Enrolled,Course Unavailable at Local School
90589,FrScA-S116-03,NA,M,4,2,3,4,4,4,3,4,2,4,123.1833,2.053055,-1.237383584,4,3,2.666666667,NA,NA
90622,FrScA-S216-01,89.61625282,M,NA,NA,NA,NA,NA,NA,NA,NA,NA,NA,1077.1836,17.95306,-0.533288145,3.8,3,3.666666667,Approved/Enrolled,Course Unavailable at Local School
90636,FrScA-S216-01,52.37020316,F,NA,NA,NA,NA,NA,NA,NA,NA,NA,NA,849.6835,14.16139167,-0.701193525,NA,NA,NA,Approved/Enrolled,Course Unavailable at Local School
90855,FrScA-S116-03,67.956621,F,4,4,3,5,4,4,3,4,4,4,1103.0832,18.38472,-0.514173067,4.2,4,3.833333333,Approved/Enrolled,Course Unavailable at Local School
90861,OcnA-S116-01,89.12897822,M,5,2,3,5,5,4,3,5,2,5,2454.3332,40.90555333,0.483110646,5,3,2.666666667,Approved/Enrolled,Course Unavailable at Local School
90878,FrScA-S116-03,88.52054795,M,NA,NA,NA,NA,NA,NA,NA,NA,NA,NA,1178.0834,19.63472333,-0.458819522,NA,NA,NA,Approved/Enrolled,Scheduling Conflict
90928,OcnA-S116-01,74.90954774,F,5,4,3,5,4,4,4,4,3,4,3900.2504,65.00417333,1.550263041,4.4,3.5,3.666666667,NA,NA
90956,AnPhA-S116-02,91.912,F,4,4,3,4,4,4,4,4,4,3,1550.4668,25.84111333,-0.183983703,3.8,3.5,4,Approved/Enrolled,Other
90971,AnPhA-S116-02,79.84,M,4,5,4,5,5,5,4,4,4,5,3785.2838,63.08806333,1.465412482,4.5,3.75,4.333333333,Approved/Enrolled,Other
90989,FrScA-S216-01,88.48758465,F,4,2,3,4,4,3,4,3,3,4,1821.6838,30.36139667,0.016186729,3.8,3.5,2.666666667,Approved/Enrolled,Learning Preference of the Student
90995,AnPhA-S116-02,5.04,F,5,4,5,5,5,5,5,5,5,5,202.2832,3.371386667,-1.179004274,4.6,4.5,4.333333333,NA,NA
90995,BioA-S116-01,0,M,4,4,5,4,4,4,3,4,4,5,13.9333,0.232221667,-1.318015033,4.6,4.5,4.333333333,NA,NA
90996,FrScA-S116-04,NA,M,NA,NA,NA,NA,NA,NA,NA,NA,NA,NA,58.1833,0.969721667,-1.285356528,3,4,4,Approved/Enrolled,Course Unavailable at Local School
90996,OcnA-S216-01,1.800670017,M,3,4,3,4,NA,5,5,3,3,2,44.7332,0.745553333,-1.295283311,3,4,4,Approved/Enrolled,Course Unavailable at Local School
91030,PhysA-S116-01,92.70833333,F,4,4,4,4,4,5,5,4,3,4,1302.8501,21.71416833,-0.366736045,4,4.5,4,Approved/Enrolled,Course Unavailable at Local School
91038,PhysA-S116-01,76.13888889,F,4,4,4,5,4,4,5,4,4,3,1639.4498,27.32416333,-0.118310218,4,4.5,4,Approved/Enrolled,Learning Preference of the Student
91065,AnPhA-S116-02,60.9642672,F,4,4,2,3,3,4,4,3,2,1,1334.7001,22.24500167,-0.343229302,2.8,3,3.333333333,Approved/Enrolled,Other
91066,BioA-S116-01,36.34408602,F,NA,NA,NA,NA,NA,NA,NA,NA,NA,NA,222.9831,3.716385,-1.16372681,3,2.5,3.333333333,Approved/Enrolled,Other
91067,BioA-S116-01,99.75806452,F,4,3,3,4,4,4,3,4,3,3,2920.9838,48.68306333,0.827519929,3.8,3,3.333333333,Approved/Enrolled,Other
91163,OcnA-S216-02,97.37018425,M,4,3,3,4,4,5,5,4,3,4,6243.9003,104.065005,3.279982838,4,4,3.666666667,Approved/Enrolled,Course Unavailable at Local School
91164,AnPhA-S216-02,90.0016,F,4,4,3,4,4,5,3,4,3,4,4359.0996,72.65166,1.888914537,4,3,4,Approved/Enrolled,Course Unavailable at Local School
91173,FrScA-S116-01,64.38356164,F,NA,NA,NA,NA,NA,NA,NA,NA,NA,NA,756.0998,12.60166333,-0.770262535,NA,NA,NA,Approved/Enrolled,Course Unavailable at Local School
91175,AnPhA-S116-02,82.1541328,F,5,3,3,5,5,4,3,5,3,5,1315.25,21.92083333,-0.357584357,5,3,3.333333333,Approved/Enrolled,Learning Preference of the Student
91176,FrScA-S116-04,96.1803653,F,NA,NA,NA,NA,NA,NA,NA,NA,NA,NA,3868.5332,64.47555333,1.526854311,NA,NA,NA,Approved/Enrolled,Course Unavailable at Local School
91212,FrScA-S216-01,81.6027088,M,5,4,4,5,4,5,4,5,4,5,906.8832,15.11472,-0.658977555,4.8,4,4.333333333,Approved/Enrolled,Course Unavailable at Local School
91252,OcnA-S216-02,70.21775544,F,4,3,3,5,5,3,4,5,4,4,1479.8998,24.66499667,-0.236065346,4.6,3.5,3.333333333,Approved/Enrolled,Course Unavailable at Local School
91300,BioA-S116-01,96.26344086,F,4,3,2,2,2,4,3,4,2,5,1311.9998,21.86666333,-0.359983152,3.7,3,3.5,Approved/Enrolled,Scheduling Conflict
91313,AnPhA-S216-01,84.9536,F,5,3,3,4,4,4,4,4,3,4,3134.9666,52.24944333,0.985448929,4.5,4.25,4.166666667,Approved/Enrolled,Scheduling Conflict
91319,AnPhA-S116-02,84.0224,M,4,3,3,4,4,3,3,5,3,4,686.2998,11.43833,-0.821778097,4.2,3,3,Approved/Enrolled,Other
91320,AnPhA-S116-02,29.6533328,M,3,2,3,3,3,1,4,3,2,2,584.9166,9.74861,-0.896603491,2.8,3.5,1.666666667,Approved/Enrolled,Course Unavailable at Local School
91326,AnPhA-S216-01,47.0544,M,3,3,2,2,2,4,3,3,4,2,657.1668,10.95278,-0.843279571,2.4,2.5,3.666666667,Approved/Enrolled,Other
91326,FrScA-S116-04,65.35388128,F,NA,NA,NA,NA,NA,NA,NA,NA,NA,NA,792.6166,13.21027667,-0.743311482,2.4,2.5,3.666666667,Approved/Enrolled,Other
91340,FrScA-S116-02,85.38356164,F,5,4,5,5,5,2,4,4,4,3,1182.9332,19.71555333,-0.45524015,4.4,4.5,3.333333333,Approved/Enrolled,Learning Preference of the Student
91351,BioA-S116-01,6.747311828,M,5,3,4,4,4,3,4,4,3,4,206.2335,3.437225,-1.176088774,4.4,3.75,3.666666667,Approved/Enrolled,Other
91410,FrScA-S216-02,61.1738149,F,5,3,3,5,5,4,3,4,3,5,857.6167,14.29361167,-0.695338464,4.8,3,3.333333333,Approved/Enrolled,Course Unavailable at Local School
91471,FrScA-S116-01,65.98173516,F,4,4,3,4,4,5,5,4,4,5,946.7998,15.77999667,-0.629517296,4.1,3.75,4.166666667,Approved/Enrolled,Other
91477,FrScA-S116-04,90.2283105,F,5,5,4,5,4,4,5,5,4,5,1192.1837,19.86972833,-0.448412862,4.8,4.5,4.333333333,NA,NA
91550,FrScA-S216-02,69.97742664,F,4,3,3,4,4,4,4,4,3,4,1722.1833,28.703055,-0.057249147,4,3.5,3.333333333,Approved/Enrolled,Course Unavailable at Local School
91574,AnPhA-S116-02,81.8309328,F,4,4,3,5,4,4,4,4,3,4,2999.75,49.99583333,0.885652953,4.1,3.5,3.166666667,Approved/Enrolled,Scheduling Conflict
91575,PhysA-S116-01,95.13888889,F,5,3,4,5,5,5,4,5,3,5,2219.916,36.9986,0.310100133,5,4,3.666666667,NA,NA
91607,FrScA-S216-02,70.54176072,F,5,3,4,5,5,3,5,5,4,5,608.0833,10.13472167,-0.879505417,4.7,4.25,3.833333333,Approved/Enrolled,Course Unavailable at Local School
91611,BioA-S116-01,92.90322581,F,NA,NA,NA,NA,NA,NA,NA,NA,NA,NA,616.3672,10.27278667,-0.873391524,NA,NA,NA,Approved/Enrolled,Course Unavailable at Local School
91619,AnPhA-S116-02,35.832,F,4,2,2,4,4,4,4,4,4,4,1272.2331,21.203885,-0.389332778,4.2,3.75,4,Approved/Enrolled,Course Unavailable at Local School
91624,BioA-S116-01,78.54946237,M,5,4,3,5,4,4,3,4,4,5,583.1167,9.718611667,-0.897931899,4.6,3,4,Approved/Enrolled,Course Unavailable at Local School
91633,PhysA-S116-01,81.52777778,F,4,4,4,4,4,4,4,4,4,4,1510.7002,25.17833667,-0.213333256,4,4,4,Approved/Enrolled,Learning Preference of the Student
91634,AnPhA-S116-02,84.9893328,F,5,4,3,5,5,5,5,5,4,5,1857.8168,30.96361333,0.04285452,5,4,4.333333333,Approved/Enrolled,Course Unavailable at Local School
91635,OcnA-S116-01,73.48743719,F,4,4,3,4,4,4,3,4,4,4,3797.3334,63.28889,1.474305633,4,3,4,Approved/Enrolled,Course Unavailable at Local School
91672,AnPhA-S116-02,92.8824,F,5,4,4,5,5,5,5,5,5,5,2763.0331,46.05055167,0.710945157,5,4.5,4.666666667,Approved/Enrolled,Course Unavailable at Local School
91709,AnPhA-S116-02,87.2928,F,5,4,3,5,5,4,4,5,4,5,4315.8839,71.93139833,1.857019393,5,3.5,4,Approved/Enrolled,Course Unavailable at Local School
91771,AnPhA-S116-02,28.48,F,4,4,4,4,5,4,4,5,4,5,540.5001,9.008335,-0.92938488,4.6,4,4,Approved/Enrolled,Course Unavailable at Local School
91818,OcnA-S116-01,96.46231156,F,4,2,4,4,4,4,4,4,4,4,1651.5005,27.52500833,-0.109416256,4.5,3.5,4.166666667,Approved/Enrolled,Other
91821,PhysA-S116-01,93.95833333,M,3,4,2,3,4,5,4,4,4,3,377.7002,6.295003333,-1.049538582,3.4,3,4.333333333,Approved/Enrolled,Other
91932,AnPhA-S116-02,82.6117328,F,5,4,5,5,5,5,5,5,3,5,1182.9667,19.71611167,-0.455215425,5,5,4,Approved/Enrolled,Other
91943,FrScA-S216-02,91.64785553,M,4,4,4,4,4,4,3,4,4,4,3429.0336,57.15056,1.202483696,4,3.5,4,Approved/Enrolled,Course Unavailable at Local School
92021,OcnA-S116-02,86.76716918,F,5,5,4,4,4,4,4,4,4,4,758.3668,12.63944667,-0.768589386,4.2,4,4.333333333,Approved/Enrolled,Course Unavailable at Local School
92124,FrScA-S216-01,75.16930023,F,4,3,2,5,4,4,4,4,3,3,918.1832,15.30305333,-0.650637643,4,3,3.333333333,Approved/Enrolled,Other
92143,FrScA-S116-01,93.37899543,F,5,3,3,5,4,3,5,5,4,5,1792.1003,29.86833833,-0.005647234,4.8,4,3.333333333,Approved/Enrolled,Other
92152,BioA-S116-01,93.48064516,M,5,3,3,5,5,4,3,4,3,5,3214.3998,53.57333,1.044074229,4.7,3.25,4,Approved/Enrolled,Other
92185,AnPhA-S116-02,91.8528,M,4,3,3,5,4,4,3,4,3,5,6162.1998,102.70333,3.219684167,4.4,3,3.333333333,Approved/Enrolled,Scheduling Conflict
92214,FrScA-S116-01,84.64611872,F,5,5,4,5,4,4,4,4,4,4,1101.833,18.36388333,-0.515095771,4.7,4.25,4.333333333,Approved/Enrolled,Course Unavailable at Local School
92510,BioA-S116-01,91.90860215,F,4,3,2,3,3,2,3,4,2,2,295.5494,4.925823333,-1.110169594,3.2,2.5,2.333333333,Approved/Enrolled,Other
92511,PhysA-S116-01,67.49305556,M,5,5,2,5,4,5,4,4,4,4,125.0666,2.084443333,-1.235993623,4.4,3,4.666666667,Approved/Enrolled,Learning Preference of the Student
92604,FrScA-S116-03,7.203196347,M,4,3,3,5,5,4,3,5,4,5,811.4334,13.52389,-0.729423831,4.8,3.5,3.833333333,Approved/Enrolled,Course Unavailable at Local School
92606,BioA-S116-01,5.698924731,F,5,5,4,5,5,5,4,5,5,5,10.1498,0.169163333,-1.320807427,4.4,3.5,4.166666667,Approved/Enrolled,Learning Preference of the Student
92606,BioA-S216-01,0.534759358,F,4,3,3,4,3,4,3,4,3,4,306.2668,5.104446667,-1.102259667,4.4,3.5,4.166666667,Approved/Enrolled,Learning Preference of the Student
92633,BioA-S116-01,3.010752688,F,5,3,3,4,4,3,4,4,3,3,571.2834,9.52139,-0.906665411,4,3.5,3,Approved/Enrolled,Learning Preference of the Student
92724,PhysA-S116-01,93.88888889,F,4,3,2,4,NA,3,NA,4,3,3,2700.6668,45.01111333,0.664916002,3.75,2,3,Approved/Enrolled,Other
92725,PhysA-S116-01,96.59722222,F,4,4,3,4,4,4,4,4,4,2,2058.4167,34.306945,0.190906334,3.6,3.5,4,Approved/Enrolled,Other
92726,PhysA-S116-01,98.19444444,F,5,5,3,4,4,4,3,4,3,4,1901.9166,31.69861,0.07540217,4.2,3,4,Approved/Enrolled,Other
92727,PhysA-S116-01,98.05555556,F,4,5,3,5,4,5,4,4,3,4,898,14.96666667,-0.665533759,4.2,3.5,4.333333333,Approved/Enrolled,Other
92729,PhysA-S116-01,94.23611111,F,3,2,2,4,4,3,4,3,1,2,1691.5998,28.19333,-0.079821156,3.6,3.25,3,Approved/Enrolled,Other
92732,PhysA-S116-01,92.91666667,F,5,3,4,5,4,3,3,5,5,NA,2199.3,36.655,0.294884591,4.75,3.5,3.666666667,Approved/Enrolled,Other
92733,PhysA-S116-01,94.16666667,F,5,3,4,5,4,4,3,4,3,5,1020.5828,17.00971333,-0.5750621,4.6,3.5,3.333333333,Approved/Enrolled,Other
92740,PhysA-S116-01,98.61111111,F,4,2,4,4,4,3,4,4,3,4,1272.7001,21.21166833,-0.388988111,4,4,2.666666667,Approved/Enrolled,Other
92741,PhysA-S116-01,98.19444444,F,5,4,5,5,5,4,5,5,5,5,5373.3502,89.55583667,2.637477427,5,5,4.333333333,Approved/Enrolled,Other
92743,PhysA-S116-01,92.84722222,F,2,2,3,1,3,1,2,1,1,3,1711.0164,28.51694,-0.065490825,2,2.5,1.333333333,Approved/Enrolled,Other
94070,FrScA-S216-01,93.67945824,F,3,2,4,3,4,4,2,3,5,4,2469.4006,41.15667667,0.49423107,3.4,3,3.666666667,Approved/Enrolled,Other
94135,FrScA-S216-01,85.89164786,F,5,5,4,5,5,5,4,4,4,5,706.2332,11.77055333,-0.807066345,4.4,3.75,4.333333333,Approved/Enrolled,Other
94156,FrScA-S216-01,95.03386005,M,4,4,2,4,4,3,3,4,4,4,2598.5669,43.30944833,0.589561651,4.1,2.75,3.666666667,Approved/Enrolled,Course Unavailable at Local School
94172,FrScA-S216-01,90.97065463,F,NA,NA,NA,NA,NA,NA,NA,NA,NA,NA,1835.5833,30.593055,0.02644519,4.6,3.5,3.666666667,Approved/Enrolled,Course Unavailable at Local School
94189,PhysA-S216-01,90.44444444,F,4,4,5,3,4,4,2,3,4,4,2321.7998,38.69666333,0.385294993,3.6,3.5,4,Approved/Enrolled,Learning Preference of the Student
94219,AnPhA-S216-02,NA,M,NA,NA,NA,NA,NA,NA,NA,NA,NA,NA,151.75,2.529166667,-1.216300065,NA,NA,NA,Dropped,Learning Preference of the Student
94240,OcnA-S216-02,87.09380235,F,4,3,2,4,3,3,2,4,1,2,2276.3169,37.938615,0.351726552,3.6,2.75,3,Approved/Enrolled,Course Unavailable at Local School
94246,AnPhA-S216-01,35.692,F,4,2,4,4,4,3,4,4,1,4,1351.9003,22.53167167,-0.330534776,4,4,2,Approved/Enrolled,Course Unavailable at Local School
94251,PhysA-S216-01,96.94444444,M,4,5,3,4,4,4,4,4,4,5,4552.0833,75.868055,2.03134525,4,3.5,3.666666667,Approved/Enrolled,Scheduling Conflict
94257,FrScA-S216-01,90.29345372,M,4,4,3,5,4,4,4,4,3,4,1175.833,19.59721667,-0.460480419,4.4,3.5,3.666666667,Approved/Enrolled,Course Unavailable at Local School
94288,FrScA-S216-01,91.87358916,M,NA,NA,NA,NA,NA,NA,NA,NA,NA,NA,3058.6498,50.97749667,0.929123673,NA,NA,NA,Approved/Enrolled,Course Unavailable at Local School
94292,FrScA-S216-01,89.05191874,F,5,5,5,5,5,5,4,5,4,5,3135.3167,52.25527833,0.985707318,5,4.5,4.666666667,Approved/Enrolled,Other
94319,OcnA-S216-01,56.99497487,F,5,5,5,5,5,5,5,5,4,5,1588.55,26.47583333,-0.155876576,4.4,4.25,4.166666667,Approved/Enrolled,Course Unavailable at Local School
94323,OcnA-S216-01,93.96984925,F,3,2,4,3,4,4,4,3,4,3,4214.7332,70.24555333,1.782365594,3.2,3.5,2.833333333,Approved/Enrolled,Course Unavailable at Local School
94327,OcnA-S216-02,15.90954774,M,5,5,3,5,5,5,5,5,4,5,580.3167,9.671945,-0.899998426,5,4,4.666666667,Approved/Enrolled,Course Unavailable at Local School
94331,FrScA-S216-01,21.89616253,F,5,4,3,5,5,5,5,5,5,5,524.7165,8.745275,-0.941033892,4.8,4,4.5,Approved/Enrolled,Learning Preference of the Student
94332,FrScA-S216-01,75.84650113,M,5,5,4,5,4,5,5,5,5,3,1272.7337,21.21222833,-0.388963313,4.2,4,4.5,Approved/Enrolled,Course Unavailable at Local School
94356,FrScA-S216-01,NA,M,4,3,4,4,4,3,3,4,3,5,160.4166,2.67361,-1.209903722,4.1,3.5,3,Dropped,Scheduling Conflict
94369,FrScA-S216-03,66.03794643,F,4,4,5,4,4,4,4,4,3,4,1753.5833,29.22638833,-0.034074525,3.6,3.75,3.666666667,Approved/Enrolled,Course Unavailable at Local School
94370,FrScA-S216-01,94.13092551,F,4,4,4,5,4,4,4,4,3,4,940.3001,15.67166833,-0.634314369,4.4,4.333333333,4.222222222,Approved/Enrolled,Learning Preference of the Student
94376,FrScA-S216-01,93.67945824,F,3,3,2,3,3,3,3,3,3,4,1434.3999,23.906665,-0.269646333,3.2,2.5,3,Approved/Enrolled,Course Unavailable at Local School
94400,FrScA-S216-01,85.10158014,M,4,4,3,5,4,4,4,4,4,4,2111.7837,35.196395,0.230293597,4.2,3.5,4,Approved/Enrolled,Learning Preference of the Student
94402,FrScA-S216-01,92.0993228,F,4,3,3,4,5,3,5,5,3,5,177.7168,2.961946667,-1.19713539,4.5,4.25,4,Approved/Enrolled,Course Unavailable at Local School
94404,FrScA-S216-01,83.18284424,F,5,5,3,5,5,5,4,5,3,5,1665.1169,27.75194833,-0.099366736,4.866666667,3.833333333,4,Approved/Enrolled,Learning Preference of the Student
94419,FrScA-S216-01,83.74717833,M,4,3,4,4,4,4,4,4,3,4,1095.1999,18.25333167,-0.5199913,4,4,3.333333333,Approved/Enrolled,Other
94542,AnPhA-S216-02,33.28,M,NA,NA,NA,NA,NA,NA,NA,NA,NA,NA,1558.5331,25.97555167,-0.178030408,4,2,4,Approved/Enrolled,Other
94545,AnPhA-S216-02,45.4,M,5,5,5,5,5,5,5,5,5,5,855.3833,14.25638833,-0.696986814,5,5,5,NA,NA
94550,AnPhA-S216-02,85.3408,M,5,4,4,4,5,5,3,5,4,5,2856.6166,47.61027667,0.780014019,4.9,4.25,4.666666667,Approved/Enrolled,Other
94556,OcnA-S216-02,83.24288107,F,3,4,3,4,4,4,3,4,4,4,2287.2334,38.12055667,0.359783424,4.4,3.5,4.5,Approved/Enrolled,Course Unavailable at Local School
94577,OcnA-S216-02,84.79564489,F,5,5,5,5,5,5,5,5,5,5,1697.5829,28.29304833,-0.075405357,4.7,3.75,4.833333333,Approved/Enrolled,Course Unavailable at Local School
94586,FrScA-S216-01,75.16930023,F,4,3,2,4,4,3,4,4,3,2,791.0503,13.18417167,-0.744467483,3.6,3,3,Approved/Enrolled,Learning Preference of the Student
94590,OcnA-S216-01,75.99497487,F,5,4,3,5,5,5,4,5,4,5,1428.0167,23.80027833,-0.274357424,5,3.5,4.333333333,Approved/Enrolled,Course Unavailable at Local School
94630,OcnA-S216-01,3.433835846,M,4,4,3,4,4,4,4,4,4,4,245.2834,4.088056667,-1.147268179,4,3.5,4,Approved/Enrolled,Course Unavailable at Local School
94654,OcnA-S216-01,81.50753769,F,5,5,5,5,5,5,3,5,5,5,3140.7669,52.346115,0.989729813,5,4,5,Approved/Enrolled,Course Unavailable at Local School
94661,FrScA-S216-01,73.13769752,F,4,4,3,4,4,4,4,4,3,4,1705.1165,28.41860833,-0.069845219,3.5,3,3,Approved/Enrolled,Course Unavailable at Local School
94691,AnPhA-S216-01,10.6608,F,4,4,4,4,4,4,4,4,4,4,258.35,4.305833333,-1.137624436,4,4,4,Approved/Enrolled,Course Unavailable at Local School
94717,OcnA-S216-01,66.73366834,F,NA,NA,NA,NA,NA,NA,NA,NA,NA,NA,821.9161,13.69860167,-0.721687124,5,3.5,4.666666667,Approved/Enrolled,Course Unavailable at Local School
94744,OcnA-S216-01,96.79731993,F,5,3,4,5,5,4,4,5,3,4,8870.8833,147.848055,5.218815297,4.888888889,4,4.166666667,Approved/Enrolled,Course Unavailable at Local School
94756,FrScA-S216-01,68.84875847,F,NA,NA,NA,NA,NA,NA,2,NA,NA,NA,1122.5334,18.70889,-0.499817938,NA,2,NA,Approved/Enrolled,Course Unavailable at Local School
94805,AnPhA-S216-01,87.3024,M,5,3,4,5,4,5,5,5,4,4,4438.7165,73.97860833,1.947675416,4.3,4.333333333,4,Approved/Enrolled,Scheduling Conflict
94824,FrScA-S216-01,96.38826185,M,4,3,3,2,4,3,5,4,5,4,2414.5498,40.24249667,0.453748695,3.5,3.25,4,Approved/Enrolled,Course Unavailable at Local School
94846,AnPhA-S216-01,70.4149328,F,4,2,3,4,4,4,3,3,2,3,764.1668,12.73611333,-0.764308723,3.75,3.666666667,3,Approved/Enrolled,Course Unavailable at Local School
94869,FrScA-S216-01,40.97065463,F,4,3,2,2,4,3,5,4,3,4,955.3,15.92166667,-0.623243763,3.777777778,4.25,3.5,Approved/Enrolled,Course Unavailable at Local School
94872,AnPhA-S216-01,69.6682672,F,4,4,4,4,NA,4,4,5,4,4,3547.0667,59.11777833,1.289597471,4.25,4,4,Approved/Enrolled,Other
94876,OcnA-S216-02,2.931323283,F,4,3,3,3,4,3,4,4,2,4,57.6666,0.96111,-1.285737876,3.8,3.5,2.666666667,Approved/Enrolled,Course Unavailable at Local School
94898,AnPhA-S216-02,73.6608,M,NA,NA,NA,NA,NA,NA,NA,NA,NA,NA,1904.1662,31.73610333,0.077062477,2.2,2.5,1.333333333,Approved/Enrolled,Other
94903,AnPhA-S216-02,69.8808,F,5,4,4,5,5,4,4,5,3,5,2288.5835,38.14305833,0.360779859,5,4.5,4.333333333,Approved/Enrolled,Course Unavailable at Local School
94956,OcnA-S216-01,55.77554439,M,4,3,2,4,4,4,3,4,4,4,1242.6,20.71,-0.411203348,4,2.5,3.666666667,Approved/Enrolled,Course Unavailable at Local School
94970,PhysA-S216-01,95.41666667,M,5,4,3,5,5,4,4,5,4,5,2415.2493,40.254155,0.454264957,5,4,4,Approved/Enrolled,Scheduling Conflict
95005,FrScA-S216-01,95.03386005,F,4,4,3,5,4,4,5,4,3,4,2182.8836,36.38139333,0.282768544,4.2,4,3.666666667,Approved/Enrolled,Other
95014,AnPhA-S216-01,95.6208,M,NA,NA,NA,NA,NA,NA,NA,NA,NA,NA,2999.9832,49.99972,0.885825065,3.6,3,3.333333333,Approved/Enrolled,Course Unavailable at Local School
95017,AnPhA-S216-02,71.52,F,3,3,4,3,4,3,3,4,3,4,2773.6164,46.22694,0.718756112,3.9,3.75,3.166666667,Approved/Enrolled,Other
95041,AnPhA-S216-02,14.5408,M,5,5,5,5,5,5,5,5,4,5,322.9502,5.382503333,-1.089946562,4.3,4,4.166666667,Approved/Enrolled,Other
95045,FrScA-S216-01,76.74943567,M,4,4,3,4,4,4,4,4,2,4,2977.4502,49.62417,0.86919469,4,3.5,3.333333333,Approved/Enrolled,Course Unavailable at Local School
95091,OcnA-S216-01,61.04187605,M,5,5,5,5,5,5,5,5,5,5,3475.8,57.93,1.236999418,4.866666667,4.166666667,4.111111111,Approved/Enrolled,Course Unavailable at Local School
95114,AnPhA-S216-01,NA,F,5,1,4,5,5,4,5,5,2,NA,546.85,9.114166667,-0.924698367,5,4.5,2.333333333,Dropped,Course Unavailable at Local School
95160,AnPhA-S216-02,94.4208,F,NA,NA,NA,NA,NA,NA,NA,NA,NA,NA,4154.4333,69.240555,1.737861536,NA,NA,NA,NA,NA
95165,FrScA-S216-01,92.0993228,F,5,2,5,5,5,4,5,5,5,5,1113.2168,18.55361333,-0.506694011,5,5,3.666666667,Approved/Enrolled,Course Unavailable at Local School
95264,AnPhA-S216-02,NA,F,NA,NA,NA,NA,NA,NA,NA,NA,NA,NA,237.3,3.955,-1.15316029,5,4,3.666666667,Dropped,Learning Preference of the Student
95266,PhysA-S216-01,90.55555556,M,5,4,5,5,5,5,4,5,3,5,609.7999,10.16333167,-0.878238489,4.625,4,4,Approved/Enrolled,Course Unavailable at Local School
95283,AnPhA-S216-01,91.3376,F,NA,NA,NA,NA,NA,NA,NA,NA,NA,NA,2689.4502,44.82417,0.656637643,4.4,3.5,4,Approved/Enrolled,Other
95283,PhysA-S216-01,NA,F,NA,NA,NA,NA,NA,NA,NA,NA,NA,NA,47,0.783333333,-1.29361031,4.4,3.5,4,Approved/Enrolled,Other
95360,FrScA-S216-01,91.87358916,F,4,2,3,3,4,3,3,4,2,3,1613.3166,26.88861,-0.137597704,4.133333333,3.666666667,3.555555556,Approved/Enrolled,Other
95368,OcnA-S216-02,92.28978224,F,4,3,3,3,4,4,3,3,3,1,3368.0167,56.13361167,1.15745046,3,3,3.333333333,Approved/Enrolled,Course Unavailable at Local School
95375,OcnA-S216-02,93.43048576,F,4,4,4,5,5,4,5,5,4,4,224.7166,3.745276667,-1.162447409,4.6,4.5,4,Approved/Enrolled,Learning Preference of the Student
95377,AnPhA-S216-02,76.6304,F,5,5,5,5,5,5,4,5,5,5,1089.9667,18.16611167,-0.523853638,4.6,4.25,4.5,Approved/Enrolled,Learning Preference of the Student
95449,FrScA-S216-01,42.0993228,F,5,5,4,5,5,5,5,5,4,4,1232.8665,20.547775,-0.418387112,4.666666667,4,4.333333333,Approved/Enrolled,Other
95476,FrScA-S216-02,68.17155756,M,4,3,3,5,5,4,5,5,3,4,1038.0003,17.300005,-0.562207196,4.1,3.25,3.333333333,Approved/Enrolled,Course Unavailable at Local School
95485,FrScA-S216-01,36.79458239,F,5,4,4,5,5,4,4,5,3,5,193.0498,3.217496667,-1.185818942,5,4,3.666666667,Approved/Enrolled,Course Unavailable at Local School
95504,OcnA-S216-01,42.41541039,F,4,5,3,5,4,5,5,4,4,4,451.8001,7.530001667,-0.994849499,4.2,4,4.666666667,Approved/Enrolled,Other
95533,OcnA-S216-01,22.97319933,M,4,4,4,4,4,5,4,4,4,4,1591.2504,26.52084,-0.153883559,4,4,4.333333333,Approved/Enrolled,Course Unavailable at Local School
95545,AnPhA-S216-01,72.3008,M,3,3,2,3,3,3,3,3,3,4,4284.4003,71.40667167,1.83378307,3.2,2.5,3,Approved/Enrolled,Other
95578,PhysA-S216-01,90.55555556,M,5,3,3,5,4,3,4,4,2,3,2201.5503,36.692505,0.296545415,4.1,3.5,2.833333333,Approved/Enrolled,Other
95594,AnPhA-S216-01,40.4533328,M,5,4,3,5,5,5,5,5,4,4,1419.8,23.66333333,-0.280421721,4.8,4,4.333333333,Approved/Enrolled,Scheduling Conflict
95601,AnPhA-S216-01,84.4474672,F,5,4,4,5,5,5,4,5,4,5,2915.5167,48.591945,0.823484961,4.466666667,3.333333333,4.111111111,Approved/Enrolled,Other
95618,AnPhA-S216-01,66.7525328,M,4,4,3,4,4,4,4,4,4,4,3789.3996,63.15666,1.468450129,4,3.5,4,Approved/Enrolled,Course Unavailable at Local School
95620,AnPhA-S216-01,72.888,F,4,3,2,5,5,4,4,5,3,5,4013.3999,66.88999833,1.633772498,4.8,3,3.333333333,Approved/Enrolled,Course Unavailable at Local School
95621,FrScA-S216-01,95.48532731,F,NA,NA,NA,NA,NA,NA,NA,NA,NA,NA,1903.0337,31.71722833,0.076226641,NA,NA,NA,NA,NA
95624,OcnA-S216-02,87.12730318,F,5,3,2,3,4,3,4,4,3,3,2111.0837,35.18472833,0.229776966,3.9,3,2.666666667,Approved/Enrolled,Course Unavailable at Local School
95632,FrScA-S216-01,61.8510158,F,5,5,5,1,5,5,3,4,4,4,948.1999,15.80333167,-0.628483959,3.8,3.25,4.333333333,NA,NA
95633,FrScA-S216-01,66.93002257,M,4,3,3,3,4,4,3,4,2,4,981.7835,16.36305833,-0.603697741,3.8,3,3,Approved/Enrolled,Course Unavailable at Local School
95634,AnPhA-S216-01,76.5749312,M,5,4,3,5,5,5,5,5,5,5,4466.367,74.43945,1.968082738,5,4,4.666666667,Approved/Enrolled,Course Unavailable at Local School
95658,BioA-S216-01,82.29946524,M,3,2,2,2,4,3,3,4,3,4,644.2667,10.73777833,-0.852800429,3.4,2.5,2.666666667,Approved/Enrolled,Scheduling Conflict
95684,FrScA-S216-01,0.902934537,F,NA,NA,NA,NA,NA,NA,NA,NA,NA,NA,88.5167,1.475278333,-1.262969105,NA,NA,NA,Approved/Enrolled,Course Unavailable at Local School
95707,BioA-S216-01,88.57754011,F,2,2,2,2,3,3,4,3,1,2,4034.7502,67.24583667,1.649529987,3.6,3.25,2.666666667,Approved/Enrolled,Course Unavailable at Local School
95725,OcnA-S216-01,68.44053601,F,4,3,3,4,4,3,4,4,2,3,1886.3334,31.43889,0.063901063,3.8,3.5,2.666666667,Approved/Enrolled,Course Unavailable at Local School
95726,FrScA-S216-01,94.58239278,F,NA,NA,NA,NA,NA,NA,4,NA,NA,NA,1823.8667,30.39777833,0.017797808,3.6,4.333333333,3.666666667,Approved/Enrolled,Course Unavailable at Local School
95738,OcnA-S216-01,NA,F,5,5,5,5,5,4,5,5,4,5,163.6832,2.728053333,-1.207492823,4.8,4.25,4.333333333,Dropped,Course Unavailable at Local School
95743,FrScA-S216-01,95.93679458,F,5,4,4,4,4,4,4,5,5,5,3122.9167,52.04861167,0.976555557,4.4,3.75,4.166666667,Approved/Enrolled,Course Unavailable at Local School
95770,OcnA-S216-01,91.9681742,F,4,4,4,4,4,4,5,4,4,4,3003.6162,50.06027,0.888506383,4,4.5,4,Approved/Enrolled,Course Unavailable at Local School
95868,OcnA-S216-02,39.41038526,M,3,2,3,3,2,3,2,3,3,3,1929.4,32.15666667,0.095686164,2.777777778,2.5,2.333333333,Approved/Enrolled,Other
95896,FrScA-S216-01,75.50790068,M,5,4,3,5,5,4,4,5,4,5,1133.2169,18.88694833,-0.491933031,5,3.5,4,Approved/Enrolled,Learning Preference of the Student
95915,AnPhA-S216-01,74.1874672,F,3,3,2,4,4,3,4,4,3,2,2670.7669,44.51278167,0.642848521,3.4,3,3,Approved/Enrolled,Learning Preference of the Student
95919,AnPhA-S216-02,86.5349328,F,5,3,3,5,5,4,4,4,3,5,1937.4333,32.290555,0.101615104,4.8,3.5,3.333333333,Approved/Enrolled,Course Unavailable at Local School
95919,FrScA-S216-02,94.63882619,F,NA,NA,NA,NA,NA,NA,NA,NA,NA,NA,1636.5333,27.275555,-0.120462727,4.8,3.5,3.333333333,Approved/Enrolled,Course Unavailable at Local School
95921,OcnA-S216-02,80.97822446,F,5,4,3,5,5,4,3,5,5,5,960.2998,16.00499667,-0.619553684,5,3,4.333333333,Approved/Enrolled,Course Unavailable at Local School
95923,FrScA-S216-02,89.61625282,F,5,5,5,5,5,5,5,5,5,5,1276.7667,21.279445,-0.385986776,4.6,4,4,Approved/Enrolled,Course Unavailable at Local School
95925,FrScA-S216-02,90.74492099,F,4,5,4,5,4,4,5,4,4,4,2111.8333,35.19722167,0.230330204,4.2,4.5,4.333333333,Approved/Enrolled,Course Unavailable at Local School
95957,AnPhA-S216-01,67.9248,F,4,4,4,4,5,4,4,4,4,4,3542.5501,59.04250167,1.286264016,4.6,4.5,4.5,Approved/Enrolled,Course Unavailable at Local School
95989,FrScA-S216-01,85.44018059,F,4,3,4,4,3,3,5,4,3,3,873.6171,14.560285,-0.683529444,3.6,4.5,3,Approved/Enrolled,Course Unavailable at Local School
95991,FrScA-S216-01,82.39277652,F,4,4,3,5,4,4,5,5,3,5,870.3836,14.50639333,-0.685915913,4.866666667,4.166666667,4.333333333,Approved/Enrolled,Course Unavailable at Local School
96027,PhysA-S216-01,74.47916667,F,NA,NA,NA,NA,NA,NA,NA,NA,NA,NA,2363.2667,39.38777833,0.415899444,NA,NA,NA,Approved/Enrolled,Other
96048,FrScA-S216-04,70.85327314,F,4,4,3,4,3,4,4,4,5,4,1665.1665,27.752775,-0.099330129,3.8,3.5,4.333333333,Approved/Enrolled,Learning Preference of the Student
96082,FrScA-S216-02,52.59593679,F,4,2,1,4,4,4,4,4,3,4,1250.7833,20.84638833,-0.405163702,4,2.5,3,Approved/Enrolled,Course Unavailable at Local School
96090,PhysA-S216-01,11.02777778,F,5,3,4,5,5,3,4,5,4,5,112.5167,1.875278333,-1.245256018,5,4,3.333333333,Approved/Enrolled,Learning Preference of the Student
96121,OcnA-S216-01,81.28643216,F,4,2,3,4,4,3,4,3,1,2,1320.5499,22.009165,-0.353672791,3.4,3.5,2,Approved/Enrolled,Course Unavailable at Local School
96134,FrScA-S216-02,89.72911964,F,NA,NA,NA,NA,NA,NA,NA,NA,NA,NA,2047.7501,34.12916833,0.1830339,4,3.5,4,Approved/Enrolled,Learning Preference of the Student
96142,FrScA-S216-02,90.85778781,F,4,3,4,4,5,5,4,4,5,5,1548.7666,25.81277667,-0.185238528,4.5,4.25,4.5,Approved/Enrolled,Course Unavailable at Local School
96189,FrScA-S216-02,88.48758465,M,3,3,2,4,2,3,4,3,3,3,1268.1002,21.13500333,-0.392383046,3,3,3,Approved/Enrolled,Course Unavailable at Local School
96228,AnPhA-S216-01,91.064,M,NA,NA,NA,NA,NA,NA,NA,NA,NA,NA,1747.1669,29.11944833,-0.038810119,NA,NA,NA,Approved/Enrolled,Scheduling Conflict
96280,FrScA-S216-02,81.03837472,M,NA,NA,NA,NA,NA,NA,NA,NA,NA,NA,914.8667,15.24777833,-0.65308537,NA,NA,NA,Approved/Enrolled,Course Unavailable at Local School
96345,OcnA-S216-01,63.14572864,M,NA,NA,NA,NA,NA,NA,NA,NA,NA,NA,1540.1833,25.66972167,-0.191573392,NA,NA,NA,Approved/Enrolled,Scheduling Conflict
96373,OcnA-S216-01,80.27303183,M,5,5,4,5,5,4,5,5,4,5,2449.6827,40.828045,0.479678366,5,4.5,4.333333333,Approved/Enrolled,Course Unavailable at Local School
96374,OcnA-S216-01,77.15242881,F,5,4,3,5,5,4,5,5,NA,2,2626.9001,43.78166833,0.610472836,4.4,4,4,Approved/Enrolled,Course Unavailable at Local School
96412,OcnA-S216-01,72.41373534,M,4,3,3,4,4,4,5,4,3,3,943.0669,15.71778167,-0.632272345,3.8,4,3.333333333,NA,NA
96414,FrScA-S216-02,61.62528217,F,5,4,4,5,4,4,5,5,4,5,310.9335,5.182225,-1.098815431,4.8,4.5,4,Approved/Enrolled,Learning Preference of the Student
96433,FrScA-S216-02,93.4537246,F,5,3,3,4,NA,3,5,4,4,4,2427.9167,40.46527833,0.463614072,4.25,4,3.333333333,Approved/Enrolled,Course Unavailable at Local School
96472,PhysA-S216-01,62.20833333,F,5,5,4,5,5,5,4,5,5,5,377.3498,6.289163333,-1.049797193,5,4,5,Approved/Enrolled,Other
96590,PhysA-S216-01,15.41666667,F,5,5,5,5,5,5,5,5,5,5,262.1667,4.369445,-1.134807538,5,4.75,4.666666667,Approved/Enrolled,Other
96640,AnPhA-S216-01,6.336,F,NA,NA,NA,NA,NA,NA,NA,NA,NA,NA,769.2331,12.82055167,-0.760569565,4.6,3.5,2.666666667,NA,NA
96671,OcnA-S216-01,32.7001675,M,NA,NA,NA,NA,NA,NA,NA,NA,NA,NA,1734.6833,28.91138833,-0.048023581,NA,NA,NA,Approved/Enrolled,Course Unavailable at Local School
96677,AnPhA-S216-01,5.2,F,4,4,3,4,4,4,4,4,4,4,11.0333,0.183888333,-1.320155364,4,3.5,4,Approved/Enrolled,Course Unavailable at Local School
96680,AnPhA-S216-01,52.5504,F,5,4,3,5,4,5,5,4,4,4,1776.5166,29.60861,-0.017148711,4.4,4,4.333333333,Approved/Enrolled,Course Unavailable at Local School
96689,OcnA-S216-01,82.66834171,F,4,3,3,4,4,3,3,4,3,4,1858.3502,30.97250333,0.043248193,4,3,3,Approved/Enrolled,Course Unavailable at Local School
96690,AnPhA-S216-01,64.8128,F,4,3,2,5,4,4,3,4,3,2,1969.5003,32.825005,0.125282002,3.8,2.5,3.333333333,Approved/Enrolled,Course Unavailable at Local School
96720,AnPhA-S216-01,7.88,F,5,5,4,4,5,5,5,5,5,5,68.1167,1.135278333,-1.278025229,4.8,4.5,5,Approved/Enrolled,Learning Preference of the Student
96756,OcnA-S216-01,91.13902848,F,4,3,3,4,3,3,3,4,2,5,3967.3171,66.12195167,1.599761304,4,3,2.666666667,Approved/Enrolled,Course Unavailable at Local School
96769,FrScA-S216-02,59.59367946,F,NA,NA,NA,NA,NA,NA,NA,NA,NA,NA,510.8667,8.514445,-0.951255672,NA,NA,NA,Approved/Enrolled,Course Unavailable at Local School
96808,PhysA-S216-01,93.75,M,NA,NA,NA,NA,NA,NA,NA,NA,NA,NA,2446.3169,40.77194833,0.477194254,NA,NA,NA,Approved/Enrolled,Scheduling Conflict
96826,AnPhA-S216-02,88.408,F,NA,NA,NA,NA,NA,NA,NA,NA,NA,NA,1073.95,17.89916667,-0.535674688,NA,NA,NA,Approved/Enrolled,Learning Preference of the Student
96841,FrScA-S216-02,92.55079007,F,5,5,4,4,4,4,4,5,3,4,1670.95,27.84916667,-0.095061644,4.6,3.5,3.833333333,Approved/Enrolled,Course Unavailable at Local School
96853,AnPhA-S216-01,85.4277328,F,NA,NA,NA,NA,NA,NA,NA,NA,NA,NA,2521.2334,42.02055667,0.532486024,NA,NA,NA,Approved/Enrolled,Course Unavailable at Local School
96854,AnPhA-S216-01,85.1189328,F,4,4,5,5,4,3,5,4,3,4,2563.3833,42.723055,0.56359456,4.3,4.5,3.5,Approved/Enrolled,Course Unavailable at Local School
96856,OcnA-S216-01,13.02847571,M,4,3,3,4,4,4,3,4,4,4,529.2335,8.820558333,-0.937700142,4,3.25,3.833333333,Approved/Enrolled,Course Unavailable at Local School
96867,PhysA-S216-01,90.625,F,4,4,3,4,4,4,NA,4,4,4,1841.7836,30.69639333,0.031021292,4,3,4,Approved/Enrolled,Scheduling Conflict
96871,AnPhA-S216-02,81.1482656,M,NA,NA,NA,NA,NA,NA,NA,NA,NA,NA,244.3835,4.073058333,-1.147932346,NA,NA,NA,Approved/Enrolled,Other
96950,BioA-S216-01,91.81818182,F,4,3,2,4,4,3,4,4,3,2,2264.4834,37.74139,0.342992893,4.222222222,3,3.5,Approved/Enrolled,Credit Recovery
96959,AnPhA-S216-01,67.6608,F,NA,NA,NA,NA,NA,NA,NA,NA,NA,NA,1727.2666,28.78777667,-0.053497442,NA,NA,NA,Approved/Enrolled,Course Unavailable at Local School
96994,AnPhA-S216-01,86.8074672,F,4,5,3,4,4,5,4,4,4,4,2676.7501,44.61250167,0.647264394,4,3.5,4.666666667,Approved/Enrolled,Course Unavailable at Local School
97006,OcnA-S216-01,68.15075377,F,5,4,5,5,5,4,5,5,3,4,2399.5166,39.99194333,0.442653512,4.8,5,3.666666667,Approved/Enrolled,Scheduling Conflict
97150,PhysA-S216-01,62.54861111,F,NA,NA,NA,NA,NA,NA,NA,NA,NA,NA,759.3335,12.65555833,-0.767875918,NA,NA,NA,Approved/Enrolled,Course Unavailable at Local School
97265,PhysA-S216-01,84.56944444,F,4,4,3,4,3,4,4,4,4,4,817.4501,13.62416833,-0.724983234,3.8,3.5,4,Approved/Enrolled,Course Unavailable at Local School
97272,OcnA-S216-01,84.23953247,F,5,5,3,5,4,5,3,5,5,3,1638.45,27.3075,-0.119048116,4.4,3,5,Approved/Enrolled,Other
97374,BioA-S216-01,12.35294118,F,NA,NA,NA,NA,NA,NA,NA,NA,NA,NA,470.8,7.846666667,-0.980826712,NA,NA,NA,Approved/Enrolled,Credit Recovery
97386,BioA-S216-01,54.15828877,F,4,4,3,4,4,4,3,4,3,3,71.0166,1.18361,-1.275884972,3.8,3,3.666666667,Approved/Enrolled,Other
97441,FrScA-S216-02,23.13769752,F,4,2,3,5,4,2,5,5,2,4,208.6664,3.477773333,-1.174293183,4.4,4,2,Approved/Enrolled,Credit Recovery